,date,size,firm,PP,PSOE,ERC,PNVEAJ,CC,BNG,Cs,VOX,Podemos,EHBildu,PACMA,PDeCAT,Comp,JuntsxCat,Naplus,MP,CUP
0,2011-12-14,1000,Metroscopia,44.9,28.4,,,,,,,,,,,,,,,
1,2012-01-04,1000,Metroscopia,46.4,26.5,,,,,,,,,,,,,,,
2,2012-01-02,1100,Celeste-Tel,46.1,28.8,1.1,1.4,0.6,0.8,,,,,,,,,,,
3,2012-01-04,2480,CIS,42.7,28.0,1.4,1.4,0.4,0.5,,,,,,,,,,,
4,2012-01-16,1000,NC Report,46.3,27.8,1.1,1.4,0.6,0.8,,,,,,,,,,,
5,2012-02-01,1100,Celeste-Tel,44.6,27.4,1.2,1.4,0.6,1.0,,,,,,,,,,,
6,2012-02-08,1003,Metroscopia,46.2,23.0,,,,,,,,,,,,,,,
7,2012-02-01,4800,NC Report,45.6,25.6,1.1,1.4,0.6,0.8,,,,,,,,,,,
8,2012-02-23,1000,GESOP,42.0,28.2,1.2,1.2,,,,,,,,,,,,,
9,2012-02-29,1007,Metroscopia,46.3,24.4,,,,,,,,,,,,,,,
10,2012-03-01,1100,Celeste-Tel,45.1,26.1,1.2,1.4,0.6,1.0,,,,,,,,,,,
11,2012-04-02,1100,Celeste-Tel,41.3,28.9,1.2,1.5,0.7,1.0,,,,,,,,,,,
12,2012-04-01,1026,Simple Lógica,42.0,24.9,,1.1,,,,,,,,,,,,,
13,2012-04-11,1000,Metroscopia,38.1,23.0,,,,,,,,,,,,,,,
14,2012-04-09,2484,CIS,40.6,29.6,1.7,1.2,0.3,0.3,,,,,,,,,,,
15,2012-04-25,NA,PSOE,39.8,31.0,,,,,,,,,,,,,,,
16,2012-05-02,1100,Celeste-Tel,41.1,28.8,1.0,1.6,0.7,1.2,,,,,,,,,,,
17,2012-05-09,1001,Metroscopia,37.2,25.8,,,,,,,,,,,,,,,
18,2012-05-01,1015,Simple Lógica,39.9,27.1,,0.9,,,,,,,,,,,,,
19,2012-05-21,955,NC Report,42.7,27.9,,,,,,,,,,,,,,,
20,2012-06-01,1100,Celeste-Tel,40.8,29.3,0.9,1.5,0.6,1.1,,,,,,,,,,,
21,2012-06-06,1004,Metroscopia,37.1,25.9,,,,,,,,,,,,,,,
22,2012-06-12,1000,Sigma Dos,39.1,29.2,1.2,1.4,,,,,,,,,,,,,
23,2012-06-01,1017,Simple Lógica,39.2,24.4,,1.7,,,,,,,,,,,,,
24,2012-06-14,1000,GESOP,38.1,28.1,1.0,1.5,,,,,,,,,,,,,
25,2012-06-27,857,DYM,36.8,23.1,,1.8,,,,,,,,,,,,,
26,2012-07-04,1000,Metroscopia,37.0,23.1,,,,,,,,,,,,,,,
27,2012-07-02,1100,Celeste-Tel,40.6,29.4,1.1,1.6,0.7,1.2,,,,,,,,,,,
28,2012-07-02,NA,Invymark,40.5,31.8,,,,,,,,,,,,,,,
29,2012-07-02,2484,CIS,36.6,29.9,1.3,1.5,0.7,0.7,,,,,,,,,,,
30,2012-07-02,1006,Simple Lógica,37.2,27.7,,0.6,,,,,,,,,,,,,
31,2012-07-17,1000,Sigma Dos,35.8,29.6,1.1,1.4,,,,,,,,,,,,,
32,2012-07-25,1000,Metroscopia,30.0,24.7,,,,,,,,,,,,,,,
33,2012-07-23,1100,Celeste-Tel,34.2,29.5,1.3,1.7,0.6,1.1,,,,,,,,,,,
34,2012-07-26,955,NC Report,35.9,28.3,,,,,,,,,,,,,,,
35,2012-08-01,2009,Simple Lógica,36.4,24.7,,0.7,,,,,,,,,,,,,
36,2012-09-05,1000,Metroscopia,30.9,24.1,,,,,,,,,,,,,,,
37,2012-09-03,1100,Celeste-Tel,34.0,29.9,1.2,1.6,0.8,0.8,,,,,,,,,,,
38,2012-09-07,1100,MyWord,31.1,24.8,,,,,,,,,,,,,,,
39,2012-09-03,1776,Simple Lógica,34.7,26.0,,1.0,,,,,,,,,,,,,
40,2012-09-17,NA,Invymark,34.1,29.9,,,,,,,,,,,,,,,
41,2012-09-25,NA,NC Report,38.6,26.7,,,,,,,,,,,,,,,
42,2012-10-03,1000,Metroscopia,29.9,23.9,,,,,,,,,,,,,,,
43,2012-10-01,1100,Celeste-Tel,32.8,28.0,1.5,1.7,0.8,0.8,,,,,,,,,,,
44,2012-10-01,NA,Simple Lógica,34.1,24.5,,1.8,,,,,,,,,,,,,
45,2012-10-02,2484,CIS,35.9,28.6,1.3,1.4,0.4,0.7,,,,,,,,,,,
46,2012-09-15,1724,Intercampo,29.4,27.3,1.0,1.7,,,,,,,,,,,,,
47,2012-10-22,NA,Invymark,32.9,26.7,,,,,,,,,,,,,,,
48,2012-10-26,1000,MyWord,33.0,22.3,,,,,,,,,,,,,,,
49,2012-11-06,1000,Metroscopia,31.8,22.9,,,,,,,,,,,,,,,
50,2012-11-01,1025,Simple Lógica,34.5,24.3,,1.0,,,,,,,,,,,,,
51,2012-11-05,1100,Celeste-Tel,33.6,28.3,1.9,1.7,0.8,0.7,,,,,,,,,,,
52,2012-11-05,NA,Invymark,32.0,26.0,,,,,,,,,,,,,,,
53,2012-11-28,1000,Metroscopia,31.3,22.7,,,,,,,,,,,,,,,
54,2012-12-03,1009,Simple Lógica,33.6,23.0,,1.4,,,,,,,,,,,,,
55,2012-12-03,1100,Celeste-Tel,33.1,28.5,1.8,1.5,0.7,0.7,,,,,,,,,,,
56,2012-12-17,NA,Invymark,30.9,24.7,,,,,,,,,,,,,,,
57,2012-12-21,1000,Sigma Dos,36.7,30.7,1.2,1.2,,,,,,,,,,,,,
58,2013-01-02,1100,Celeste-Tel,32.8,28.6,1.7,1.6,0.9,0.7,,,,,,,,,,,
59,2013-01-09,1000,Metroscopia,29.8,23.3,,,,,,,,,,,,,,,
60,2013-01-08,NA,Invymark,30.6,24.8,,,,,,,,,,,,,,,
61,2013-01-07,NA,Simple Lógica,32.5,25.5,,1.4,,,,,,,,,,,,,
62,2013-01-04,2483,CIS,35.0,30.2,2.0,1.3,0.9,0.8,,,,,,,,,,,
63,2013-01-10,955,NC Report,36.5,26.3,,,,,,,,,,,,,,,
64,2013-01-21,NA,Invymark,30.0,24.7,,,,,,,,,,,,,,,
65,2013-01-25,1000,GESOP,30.2,28.0,1.7,,,,,,,,,,,,,,
66,2013-01-30,2000,Metroscopia,23.9,23.5,,,,,,,,,,,,,,,
67,2013-02-01,1100,Celeste-Tel,29.8,28.6,1.6,1.6,1.0,0.6,,,,,,,,,,,
68,2013-02-06,1000,Sigma Dos,33.5,28.2,1.4,1.3,,,,,,,,,,,,,
69,2013-02-04,NA,Simple Lógica,33.3,24.2,,1.5,,,,,,,,,,,,,
70,2013-02-11,NA,Invymark,29.4,24.8,,,,,,,,,,,,,,,
71,2013-02-27,1000,Metroscopia,24.3,23.1,,,,,,,,,,,,,,,
72,2013-02-25,NA,Invymark,29.0,25.0,,,,,,,,,,,,,,,
73,2013-03-01,1100,Celeste-Tel,29.4,27.8,2.0,1.5,1.1,0.6,,,,,,,,,,,
74,2013-03-04,1017,Simple Lógica,31.2,21.5,,1.2,,,,,,,,,,,,,
75,2013-03-18,NA,Invymark,29.1,25.0,,,,,,,,,,,,,,,
76,2013-04-03,1000,Metroscopia,24.5,23.0,,,,,,,,,,,,,,,
77,2013-04-01,1100,Celeste-Tel,30.4,27.1,2.1,1.5,1.1,0.5,1.6,,,,,,,,,,
78,2013-04-01,2482,CIS,34.0,28.2,2.0,1.2,0.9,0.7,,,,,,,,,,,
79,2013-04-01,1010,Simple Lógica,29.2,21.4,,1.7,,,,,,,,,,,,,
80,2013-04-08,NA,Invymark,29.2,24.9,,,,,,,,,,,,,,,
81,2013-05-02,1100,Celeste-Tel,30.5,26.7,2.2,1.5,1.0,0.5,1.7,,,,,,,,,,
82,2013-05-02,1000,MyWord,28.7,24.4,,,,,,,,,,,,,,,
83,2013-05-08,1000,Metroscopia,22.5,20.2,,,,,,,,,,,,,,,
84,2013-05-06,NA,Invymark,29.0,24.5,,,,,,,,,,,,,,,
85,2013-05-08,1000,Sigma Dos,35.4,25.3,1.5,1.4,,,,,,,,,,,,,
86,2013-05-03,987,Simple Lógica,29.2,22.4,,1.2,,,,,,,,,,,,,
87,2013-05-18,14000,Metroscopia,28.6,25.1,2.7,1.1,0.8,1.0,,,,,,,,,,,
88,2013-05-13,955,NC Report,32.6,25.2,,,,,,,,,,,,,,,
89,2013-05-27,1000,GAD3,34.1,25.7,,,,,,,,,,,,,,,
90,2013-05-05,403,Asturbarómetro,39.7,25.6,,,,,,,,,,,,,,,
91,2013-06-05,1000,Metroscopia,24.5,21.5,,,,,,,,,,,,,,,
92,2013-06-03,1100,Celeste-Tel,30.9,26.5,2.1,1.6,0.9,0.6,1.6,,,,,,,,,,
93,2013-06-03,1018,Simple Lógica,31.9,21.2,,1.3,,,,,,,,,,,,,
94,2013-06-10,NA,Invymark,28.9,24.4,,,,,,,,,,,,,,,
95,2013-06-14,1000,MyWord,30.3,22.0,,,,,,,,,,,,,,,
96,2013-06-25,1000,GESOP,28.1,25.5,2.1,,,,,,,,,,,,,,
97,2013-07-03,1000,Metroscopia,23.0,21.6,,,,,,,,,,,,,,,
98,2013-07-01,1100,Celeste-Tel,31.7,27.0,2.2,1.6,0.9,0.7,1.4,,,,,,,,,,
99,2013-07-01,NA,Invymark,29.1,24.5,,,,,,,,,,,,,,,
100,2013-07-01,1012,Simple Lógica,25.8,24.2,,1.5,,,,,,,,,,,,,
101,2013-07-01,2476,CIS,32.5,27.2,2.3,1.4,0.5,0.7,,,,,,,,,,,
102,2013-07-16,1000,Sigma Dos,30.7,27.8,1.6,1.4,,,,,,,,,,,,,
103,2013-07-24,1000,Metroscopia,34.7,27.5,,,,,,,,,,,,,,,
104,2013-07-26,1100,Celeste-Tel,31.3,27.1,2.2,1.5,0.9,0.7,1.4,,,,,,,,,,
105,2013-07-29,1000,TNS Demoscopia,30.0,25.0,,,,,,,,,,,,,,,
106,2013-08-01,1025,Simple Lógica,29.6,22.2,,1.1,,,,,,,,,,,,,
107,2013-08-26,1000,MyWord,28.4,20.9,,,,,,,,,,,,,,,
108,2013-09-04,700,Metroscopia,30.1,30.5,,,,,,,,,,,,,,,
109,2013-09-02,1100,Celeste-Tel,30.9,27.8,2.3,1.5,0.9,0.8,1.2,,,,,,,,,,
110,2013-09-02,1500,Feedback,37.9,25.2,2.1,1.2,,,,,,,,,,,,,
111,2013-09-03,NA,Simple Lógica,28.1,23.3,,0.9,,,,,,,,,,,,,
112,2013-09-10,935,GAD3,32.4,27.4,2.1,1.4,,,,,,,,,,,,,
113,2013-09-09,NA,Invymark,26.1,23.6,,,,,,,,,,,,,,,
114,2013-09-09,955,NC Report,33.8,26.5,,,,,,,,,,,,,,,
115,2013-09-23,NA,Invymark,26.0,23.5,,,,,,,,,,,,,,,
116,2013-10-02,1000,Metroscopia,34.1,29.0,,,,,,,,,,,,,,,
117,2013-10-01,1100,Celeste-Tel,31.5,28.1,2.3,1.4,0.9,0.8,1.3,,,,,,,,,,
118,2013-10-01,1001,Simple Lógica,27.5,21.6,,1.6,,,,,,,,,,,,,
119,2013-10-01,2485,CIS,34.0,26.8,2.5,1.2,0.5,1.1,,,,,,,,,,,
120,2013-10-07,805,GAD3,33.2,25.8,2.6,1.4,,,,,,,,,,,,,
121,2013-10-02,920,NC Report,35.0,26.9,2.2,1.6,,,,,,,,,,,,,
122,2013-09-16,1726,Intercampo,28.3,34.8,2.2,1.6,,,,,,,,,,,,,
123,2013-10-14,NA,Invymark,27.2,23.4,,,,,,,,,,,,,,,
124,2013-10-22,967,DYM,32.5,21.2,,,,,,,,,,,,,,,
125,2013-10-30,1000,MyWord,27.1,22.7,,,,,,,,,,,,,,,
126,2013-11-02,1100,Celeste-Tel,31.8,28.2,2.4,1.4,0.9,0.9,1.4,,,,,,,,,,
127,2013-11-04,NA,Invymark,28.2,23.1,,,,,,,,,,,,,,,
128,2013-11-04,1959,Simple Lógica,30.9,21.7,,1.6,,,,,,,,,,,,,
129,2013-11-11,801,GAD3,33.1,28.5,2.1,1.3,,,,,,,,,,,,,
130,2013-11-12,1000,Sigma Dos,30.6,27.0,2.6,1.4,,,,,,,,,,,,,
131,2013-11-18,NA,Invymark,28.4,23.3,,,,,,,,,,,,,,,
132,2013-11-25,1000,GESOP,29.5,25.1,2.5,,,,4.0,,,,,,,,,,
133,2013-11-18,955,NC Report,34.2,28.4,,,,,,,,,,,,,,,
134,2013-11-30,12000,Metroscopia,33.9,31.5,2.2,1.5,0.5,0.6,,,,,,,,,,,
135,2013-12-01,1100,Celeste-Tel,32.0,28.6,2.3,1.3,0.9,0.9,1.3,,,,,,,,,,
136,2013-12-02,1044,Simple Lógica,30.7,22.8,,1.5,,,,,,,,,,,,,
137,2013-12-16,NA,Invymark,28.2,23.6,,,,,,,,,,,,,,,
138,2013-12-26,1000,Sigma Dos,33.3,24.4,2.6,1.6,,,,,,,,,,,,,
139,2014-01-02,1100,Celeste-Tel,32.1,28.8,2.2,1.3,0.9,0.9,1.3,,,,,,,,,,
140,2014-01-08,1200,Metroscopia,32.0,33.5,,,,,,,,,,,,,,,
141,2014-01-02,1030,Simple Lógica,28.1,22.0,,1.9,,,,,,,,,,,,,
142,2014-01-04,NA,Invymark,28.5,23.4,,,,,,,,,,,,,,,
143,2014-01-03,2480,CIS,32.1,26.6,2.5,1.5,1.0,0.7,,,,,,,,,,,
144,2014-01-20,1000,GESOP,28.6,24.9,2.1,,,,4.1,,,,,,,,,,
145,2014-01-20,NA,Invymark,28.7,23.3,,,,,,,,,,,,,,,
146,2014-02-01,1100,Celeste-Tel,31.6,28.7,2.1,1.2,0.8,0.9,1.4,,,,,,,,,,
147,2014-02-05,1200,Metroscopia,30.8,31.7,,,,,,,,,,,,,,,
148,2014-02-03,1119,Simple Lógica,29.6,20.3,,1.0,,,,,,,,,,,,,
149,2014-02-05,1000,GAD3,32.3,26.3,2.1,1.3,,,0.9,,,,,,,,,,
150,2014-02-10,NA,Invymark,28.9,23.2,,,,,,,,,,,,,,,
151,2014-02-13,1000,MyWord,27.5,23.2,,,,,,,,,,,,,,,
152,2014-02-24,NA,Invymark,28.8,23.6,,,,,,,,,,,,,,,
153,2014-02-28,630,NC Report,32.6,26.7,2.3,1.6,1.3,0.7,,,,,,,,,,,
154,2014-02-25,1200,Metroscopia,31.5,32.0,,,,,,,,,,,,,,,
155,2014-03-01,1100,Celeste-Tel,32.0,28.9,2.0,1.4,1.0,1.0,1.4,0.4,,,,,,,,,
156,2014-03-03,1068,Simple Lógica,29.3,22.8,,1.2,,,,,,,,,,,,,
157,2014-03-03,955,NC Report,33.3,27.8,,,,,,,,,,,,,,,
158,2014-03-25,1200,Metroscopia,31.8,32.3,,,,,,,,,,,,,,,
159,2014-04-01,1100,Celeste-Tel,32.3,28.9,1.9,1.4,0.9,0.9,1.4,0.4,,,,,,,,,
160,2014-04-01,2469,CIS,31.9,26.2,2.5,1.1,0.4,0.6,,,,,,,,,,,
161,2014-04-01,1020,Simple Lógica,28.4,23.8,,1.4,,,,,,,,,,,,,
162,2014-04-10,1000,Sigma Dos,33.1,30.2,,,,,2.3,1.1,1.2,,,,,,,,
163,2014-05-02,1100,Celeste-Tel,32.4,29.0,1.8,1.3,0.8,0.8,2.0,0.5,1.8,,,,,,,,
164,2014-04-30,1500,Feedback,34.9,27.1,2.4,1.4,,,,,,,,,,,,,
165,2014-05-02,NA,Simple Lógica,30.9,22.9,,1.8,,,,,,,,,,,,,
166,2014-05-13,1111,Sigma Dos,33.8,25.7,,,,,2.9,1.3,3.1,,,,,,,,
167,2014-05-27,1000,GESOP,25.6,19.4,3.3,,,,3.5,,15.1,,,,,,,,
168,2014-06-04,1100,Celeste-Tel,32.4,22.3,1.9,1.1,0.6,0.6,3.7,0.7,13.9,,,,,,,,
169,2014-05-28,955,NC Report,34.6,21.9,,,,,,,16.3,,,,,,,,
170,2014-06-02,1035,Simple Lógica,28.8,14.7,,1.6,,,,,26.7,,,,,,,,
171,2014-07-01,1100,Celeste-Tel,33.5,23.2,1.7,1.1,0.6,0.6,3.7,0.8,14.1,,,,,,,,
172,2014-07-05,NA,Demoscopia Servicios,30.0,26.0,,,,,,,12.0,,,,,,,,
173,2014-07-01,1112,Simple Lógica,29.0,15.1,,1.6,,,,,27.1,,,,,,,,
174,2014-07-01,2471,CIS,30.0,21.2,3.3,1.0,0.3,0.5,0.9,,15.3,,,,,,,,
175,2014-07-07,NA,Invymark,26.5,22.4,,,,,3.0,,11.8,,,,,,,,
176,2014-07-14,NA,Invymark,26.4,22.7,,,,,3.1,,12.1,,,,,,,,
177,2014-07-18,1100,Celeste-Tel,33.8,24.1,1.8,1.1,0.6,0.7,3.7,0.7,13.7,,,,,,,,
178,2014-07-16,1200,Metroscopia,32.3,31.7,,,,,,,10.7,,,,,,,,
179,2014-08-01,1053,Simple Lógica,29.4,16.7,,0.8,,,,,28.4,,,,,,,,
180,2014-08-26,1000,Sigma Dos,30.1,22.3,3.3,1.0,,,,,21.2,,,,,,,,
181,2014-08-25,900,NC Report,33.9,23.4,2.2,1.3,1.0,0.6,2.6,0.8,15.0,,,,,,,,
182,2014-09-01,1100,Celeste-Tel,33.1,24.5,2.0,1.0,0.6,0.6,3.7,0.6,16.1,,,,,,,,
183,2014-09-08,955,NC Report,34.2,23.3,,,,,,,16.5,,,,,,,,
184,2014-09-05,NA,Simple Lógica,32.8,20.0,,1.0,,,,,23.1,,,,,,,,
185,2014-09-15,NA,Invymark,29.2,20.7,3.4,1.2,,,,,17.6,,,,,,,,
186,2014-09-22,NA,Demoscopia Servicios,32.7,24.2,,,,,3.1,,20.4,,,,,,,,
187,2014-09-29,1000,Metroscopia,30.2,30.9,,,,,,,13.8,,,,,,,,
188,2014-09-29,NA,Invymark,28.6,20.9,3.3,1.2,,,,,17.9,,,,,,,,
189,2014-10-01,1100,Celeste-Tel,32.6,25.4,1.9,1.0,0.6,0.6,3.6,0.5,17.1,,,,,,,,
190,2014-10-09,NA,JM&A,32.6,21.6,,,,,,,16.4,,,,,,,,
191,2014-10-03,NA,Simple Lógica,29.7,24.6,,1.1,,,,,23.3,,,,,,,,
192,2014-10-01,2480,CIS,27.5,23.9,2.3,1.0,0.3,0.4,2.1,,22.5,,,,,,,,
193,2014-10-13,1100,Sigma Dos,28.3,23.7,2.6,1.2,,,1.8,,24.1,,,,,,,,
194,2014-10-13,NA,Invymark,28.2,21.4,3.4,1.2,,,,,18.6,,,,,,,,
195,2014-10-10,402,Asturbarómetro,29.5,23.9,,,,,,,19.0,,,,,,,,
196,2014-10-28,1000,Metroscopia,20.7,26.2,,,,,,,27.7,,,,,,,,
197,2014-10-27,NA,Invymark,26.4,20.5,3.4,,,,,,22.7,,,,,,,,
198,2014-10-31,NA,Llorente & Cuenca,25.1,22.6,,,,,,,19.5,,,,,,,,
199,2014-10-28,985,DYM,26.9,19.5,,,,,5.6,,26.3,,,,,,,,
200,2014-11-03,1100,Celeste-Tel,30.5,24.5,2.2,1.0,0.6,0.6,4.0,0.5,21.6,,,,,,,,
201,2014-11-01,1030,Simple Lógica,25.0,18.2,,0.7,,,,,31.1,,,,,,,,
202,2014-11-10,NA,Invymark,26.0,21.6,3.2,,,,2.3,,24.7,,,,,,,,
203,2014-11-14,NA,JM&A,27.7,22.0,2.6,1.0,0.4,0.3,2.6,1.3,22.0,,,,,,,,
204,2014-11-17,1000,Sigma Dos,26.3,20.1,2.8,1.1,,,2.5,,28.3,,,,,,,,
205,2014-12-02,1000,Metroscopia,20.0,27.7,,,,,,,25.0,,,,,,,,
206,2014-12-02,1000,Sigma Dos,26.5,19.6,2.6,1.0,,,2.4,,29.1,,,,,,,,
207,2014-12-01,1100,Celeste-Tel,29.9,24.1,2.1,1.0,0.6,0.6,3.9,0.5,21.7,,,,,,,,
208,2014-12-01,NA,Invymark,25.7,21.8,3.1,,,,2.7,,24.8,,,,,,,,
209,2014-12-01,1039,Simple Lógica,23.1,19.3,,0.3,,,,,31.1,,,,,,,,
210,2014-12-13,NA,DYM,26.1,16.7,,,,,4.2,,29.6,,,,,,,,
211,2014-12-09,1000,GESOP,26.1,19.8,2.2,,,,3.8,,25.6,,,,,,,,
212,2014-12-12,1800,Sigma Dos,26.5,18.7,2.8,1.1,,,3.1,,28.7,,,,,,,,
213,2014-12-15,1200,Invymark,25.5,22.0,,,,,3.1,,25.3,,,,,,,,
214,2014-12-09,1600,NC Report,28.6,23.4,2.0,1.3,,,2.8,,23.2,,,,,,,,
215,2014-12-30,1001,MyWord,24.6,19.0,2.4,,,,5.0,,27.5,,,,,,,,
216,2015-01-07,1000,Metroscopia,19.2,23.5,,,,,8.1,,28.2,,,,,,,,
217,2015-01-02,1100,Celeste-Tel,31.1,23.8,2.0,1.0,0.5,0.6,4.5,0.5,20.9,,,,,,,,
218,2015-01-02,2481,CIS,27.3,22.2,1.6,0.7,0.5,0.5,3.1,,23.9,,,,,,,,
219,2015-01-12,1800,Sigma Dos,29.4,19.4,2.7,1.1,,,4.6,,26.2,,,,,,,,
220,2015-01-07,1025,Simple Lógica,24.5,18.6,,0.4,,,5.8,,30.8,,,,,,,,
221,2015-01-07,NA,NC Report,29.3,23.0,,,,,3.8,,23.2,,,,,,,,
222,2015-01-09,1000,GAD3,29.3,19.2,1.8,1.3,,,6.3,,21.1,,,,,,,,
223,2015-01-23,NA,Encuestamos,22.0,19.1,2.3,1.3,,,7.6,,30.2,,,,,,,,
224,2015-01-26,1000,Sigma Dos,27.1,21.4,2.4,,,,5.0,,26.3,,,,,,,,
225,2015-02-03,1000,Metroscopia,20.9,18.3,,,,,12.2,,27.7,,,,,,,,
226,2015-02-02,1100,Celeste-Tel,31.8,24.4,2.0,1.0,0.6,0.7,6.2,0.4,18.3,,,,,,,,
227,2015-02-02,NA,Demoscopia Servicios,28.3,21.8,,,,,4.5,,25.3,,,,,,,,
228,2015-02-02,1200,Invymark,26.1,20.1,,,,,3.8,,26.0,,,,,,,,
229,2015-02-02,1058,Simple Lógica,26.8,17.8,,1.0,,,8.5,,29.6,,,,,,,,
230,2015-02-09,1000,MyWord,22.5,19.5,,,,,13.4,,24.6,,,,,,,,
231,2015-02-09,1800,Sigma Dos,29.6,20.1,2.4,1.2,,,7.3,,25.8,,,,,,,,
232,2015-02-14,NA,JM&A,27.1,19.6,,1.0,0.4,0.3,4.0,1.2,25.6,,,,,,,,
233,2015-02-15,NA,NC Report,29.3,22.8,2.0,1.2,0.4,0.4,3.3,,22.5,,,,,,,,
234,2015-02-26,600,Encuestamos,25.5,19.9,2.2,1.3,,,10.1,,25.4,,,,,,,,
235,2015-02-23,NA,Invymark,27.8,21.5,2.8,1.3,,,,,23.6,,,,,,,,
236,2015-03-01,NA,JM&A,25.9,18.6,2.0,1.1,0.4,0.3,9.4,1.1,24.1,,,,,,,,
237,2015-03-03,1000,Metroscopia,18.6,20.2,,,,,18.4,,22.5,,,,,,,,
238,2015-03-02,1100,Celeste-Tel,30.9,26.4,1.9,1.0,0.7,0.8,11.7,0.5,12.2,,,,,,,,
239,2015-03-04,1000,MyWord,22.0,19.1,,,,,18.8,,23.4,,,,,,,,
240,2015-03-02,1058,Simple Lógica,23.0,18.7,,1.3,,,18.0,,21.0,,,,,,,,
241,2015-03-26,900,Encuestamos,23.7,23.6,2.1,1.2,,,14.7,,21.7,,,,,,,,
242,2015-03-23,1200,Invymark,26.4,20.3,,,,,14.8,,20.8,,,,,,,,
243,2015-03-30,900,NC Report,29.7,23.5,,1.2,0.4,0.4,,,14.1,,,,,,,,
244,2015-04-01,1100,Celeste-Tel,29.5,26.6,1.8,1.1,0.7,0.8,12.1,0.6,12.8,,,,,,,,
245,2015-04-07,1000,Metroscopia,20.8,21.9,,,,,19.4,,22.1,,,,,,,,
246,2015-04-07,1800,Sigma Dos,26.6,19.7,2.3,1.2,,,16.6,,20.9,,,,,,,,
247,2015-04-01,2479,CIS,25.6,24.3,2.0,0.7,0.5,0.6,13.8,,16.5,,,,,,,,
248,2015-04-08,1000,GESOP,23.5,19.1,1.9,,,,17.7,,20.1,,,,,,,,
249,2015-04-01,1059,Simple Lógica,21.3,21.1,,1.3,,,20.8,,21.3,,,,,,,,
250,2015-04-08,NA,NC Report,28.6,23.7,,,,,11.7,,13.2,,,,,,,,
251,2015-04-13,NA,Invymark,26.2,21.0,2.7,1.3,,,17.6,,19.4,,,,,,,,
252,2015-04-02,1000,Encuestamos,22.9,24.0,3.0,1.0,,,15.8,,21.2,,,,,,,,
253,2015-04-17,1000,MyWord,22.0,21.0,,,,,19.4,,17.9,,,,,,,,
254,2015-04-20,900,NC Report,28.6,23.8,,,,,12.0,,12.9,,,,,,,,
255,2015-05-04,1100,Celeste-Tel,29.2,26.6,1.8,1.1,0.6,0.7,12.1,0.6,12.9,,,,,,,,
256,2015-05-01,1000,Encuestamos,23.0,24.3,2.6,1.3,0.5,1.1,14.9,,20.7,,,,,,,,
257,2015-05-04,1064,Simple Lógica,25.9,19.2,,1.3,,,18.9,,18.6,,,,,,,,
258,2015-05-13,NA,JM&A,25.7,22.4,,,,,15.3,,17.7,,,,,,,,
259,2015-05-25,1200,Invymark,25.4,22.0,2.8,1.4,,,15.2,,21.9,,,,,,,,
260,2015-05-28,2000,Metroscopia,24.5,23.0,,,,,13.0,,21.5,,,,,,,,
261,2015-06-01,1100,Celeste-Tel,30.1,27.2,1.9,1.1,0.4,0.7,10.5,0.7,13.2,,,,,,,,
262,2015-06-02,900,NC Report,29.7,24.2,1.9,1.3,0.3,0.5,11.6,,12.1,,,,,,,,
263,2015-06-01,1026,Simple Lógica,23.8,19.4,,1.3,,,17.3,,23.3,,,,,,,,
264,2015-06-01,1087,TNS Demoscopia,23.8,21.1,,,,,15.5,,19.2,,,,,,,,
265,2015-06-15,1800,Sigma Dos,27.0,26.1,2.5,1.5,,,10.3,,20.2,,,,,,,,
266,2015-06-19,NA,JM&A,26.8,22.7,,,,,14.7,,17.1,,,,,,,,
267,2015-06-08,NA,TNS Demoscopia,26.6,22.0,,,,,12.8,,19.7,,,,,,,,
268,2015-06-01,1450,Encuestamos,25.7,25.2,2.2,1.6,0.6,0.9,9.8,,21.4,,,,,,,,
269,2015-06-16,1800,Demoscopia Servicios,29.2,24.4,1.6,1.2,0.7,0.4,11.8,,20.2,,,,,,,,
270,2015-06-22,1200,Invymark,25.9,23.0,2.7,1.4,,,13.2,,23.0,,,,,,,,
271,2015-06-22,900,NC Report,31.2,24.4,1.8,1.2,0.3,0.5,11.6,,12.5,,,,,,,,
272,2015-06-15,NA,TNS Demoscopia,26.9,22.6,,,,,11.7,,19.3,,,,,,,,
273,2015-07-01,1000,Metroscopia,23.0,22.5,,,,,15.0,,21.5,,,,,,,,
274,2015-06-22,NA,TNS Demoscopia,26.0,22.8,,,,,12.5,,19.2,,,,,,,,
275,2015-07-01,1100,Celeste-Tel,30.7,27.4,1.7,1.1,0.4,0.7,10.2,0.6,13.3,,,,,,,,
276,2015-06-23,1000,GAD3,29.1,25.5,2.3,1.2,0.6,0.6,12.1,,15.0,,,,,,,,
277,2015-07-01,2486,CIS,28.2,24.9,2.1,1.3,0.4,0.7,11.1,,15.7,,,,,,,,
278,2015-07-01,1040,Simple Lógica,26.2,23.1,,1.0,,,18.4,,14.9,,,,,,,,
279,2015-07-06,1200,Invymark,27.7,23.3,2.8,1.4,,,11.5,,21.9,,,,,,,,
280,2015-06-29,1000,TNS Demoscopia,26.1,22.2,,,,,13.6,,19.1,,,,,,,,
281,2015-07-08,955,NC Report,31.7,24.8,,,,,11.0,,12.3,,,,,,,,
282,2015-07-06,910,TNS Demoscopia,27.1,22.6,,,,,13.5,,18.6,,,,,,,,
283,2015-07-01,1450,Encuestamos,26.0,25.4,2.4,1.8,0.5,0.9,9.2,,21.1,,,,,,,,
284,2015-07-20,1000,Metroscopia,23.1,23.5,,,,,16.0,,18.1,,,,,,,,
285,2015-07-21,1800,Sigma Dos,28.8,24.2,2.1,1.3,,,11.1,,20.3,,,,,,,,
286,2015-07-16,1800,Demoscopia Servicios,30.5,25.1,,,,,10.6,,19.3,,,,,,,,
287,2015-07-13,920,TNS Demoscopia,26.8,23.0,,,,,13.7,,17.6,,,,,,,,
288,2015-07-20,1075,TNS Demoscopia,25.7,22.9,,,,,13.6,,16.9,,,,,,,,
289,2015-08-03,1100,Celeste-Tel,31.4,27.6,1.6,1.1,0.4,0.7,9.9,0.6,11.9,,,,,,,,
290,2015-07-27,1080,TNS Demoscopia,26.4,22.4,,,,,13.4,,16.8,,,,,,,,
291,2015-08-03,1022,Simple Lógica,29.9,21.4,,1.0,,,17.1,,16.5,,,,,,,,
292,2015-08-03,1086,TNS Demoscopia,27.0,22.9,,,,,12.9,,16.5,,,,,,,,
293,2015-08-01,1500,Encuestamos,27.5,26.0,1.9,1.6,,,8.6,,19.4,,,,,,,,
294,2015-08-10,1112,TNS Demoscopia,27.3,22.6,,,,,13.2,,16.3,,,,,,,,
295,2015-08-20,1001,MyWord,28.3,25.9,,,,,11.3,,15.4,,,,,,,,
296,2015-08-25,900,NC Report,32.1,24.9,1.7,1.3,0.4,0.6,10.4,,12.1,,,,,,,,
297,2015-08-30,NA,JM&A,29.5,22.4,1.8,1.2,0.6,,12.7,,16.7,,,,,,,,
298,2015-08-17,1118,TNS Demoscopia,28.5,22.8,,,,,12.3,,16.2,,,,,,,,
299,2015-08-26,1000,Sondaxe,31.5,22.7,1.6,1.1,0.3,0.5,11.8,,16.3,,,,,,,,
300,2015-08-24,1096,TNS Demoscopia,28.6,22.5,,,,,12.7,,16.0,,,,,,,,
301,2015-09-01,1100,Celeste-Tel,32.0,27.4,1.6,1.3,0.4,0.8,10.0,0.5,12.2,,,,,,,,
302,2015-09-01,NA,Simple Lógica,28.0,19.1,,,,,,,16.1,,,,,,,,
303,2015-09-03,1800,Demoscopia Servicios,31.7,25.6,,,,,10.5,,18.2,,,,,,,,
304,2015-09-07,1800,Metroscopia,23.4,24.6,,,,,16.1,,18.6,,,,,,,,
305,2015-08-31,1040,TNS Demoscopia,29.0,22.0,,,,,13.2,,16.5,,,,,,,,
306,2015-09-07,1054,TNS Demoscopia,28.6,22.5,,,,,13.7,,16.2,,,,,,,,
307,2015-09-03,1600,Encuestamos,26.2,26.1,2.1,1.5,,,11.0,,17.9,,,,,,,,
308,2015-09-14,1060,TNS Demoscopia,27.9,23.0,,,,,14.0,,15.9,,,,,,,,
309,2015-10-01,NA,JM&A,28.3,22.7,1.8,1.2,0.6,,15.4,,15.0,,,,,,,,
310,2015-09-29,1000,Demoscopia Servicios,30.4,26.5,,,,,12.3,,16.7,,,,,,,,
311,2015-09-28,1500,NC Report,33.8,24.8,2.0,1.2,0.4,0.6,11.7,,11.2,,,,,,,,
312,2015-09-21,1040,TNS Demoscopia,27.0,21.9,,,,,16.5,,14.8,,,,,,,,
313,2015-10-01,1100,Celeste-Tel,28.9,27.1,1.5,1.3,0.4,0.7,16.2,0.5,10.1,,,,,,,,
314,2015-10-07,1200,Metroscopia,23.4,23.5,,,,,21.5,,14.1,,,,,,,,
315,2015-10-05,NA,Invymark,27.6,24.6,2.6,1.4,,,17.2,,16.1,,,,,,,,
316,2015-10-01,1047,Simple Lógica,28.0,20.3,,0.3,,,22.6,,11.9,,,,,,,,
317,2015-09-28,1072,TNS Demoscopia,26.9,21.0,,,,,,,14.2,,,,,,,,
318,2015-10-01,2493,CIS,29.1,25.3,,0.7,0.6,0.5,,,10.8,,,,,,,,
319,2015-10-08,NA,NC Report,30.9,24.5,,,,,14.9,,12.4,,,,,,,,
320,2015-10-13,1800,Sigma Dos,27.4,23.7,2.0,1.5,,,,,16.3,,,,,,,,
321,2015-10-12,1500,NC Report,31.3,24.9,,1.3,0.4,0.6,15.4,0.4,10.3,,,,,,,,
322,2015-10-05,1050,TNS Demoscopia,26.7,21.3,,,,,18.1,,14.3,,,,,,,,
323,2015-09-14,2600,GAD3,27.7,21.8,2.5,1.6,0.5,0.6,17.6,,14.1,,,,,,,,
324,2015-10-19,1500,Demoscopia Servicios,29.5,24.1,1.6,1.3,,,16.6,,13.7,,,,,,,,
325,2015-10-22,NA,JM&A,27.4,22.9,1.6,1.2,0.6,,17.7,,14.5,,,,,,,,
326,2015-10-19,NA,Invymark,28.6,23.9,,,,,18.3,,13.5,,,,,,,,
327,2015-10-12,1009,TNS Demoscopia,26.0,20.5,,,,,19.2,,14.6,,,,,,,,
328,2015-10-15,1002,DYM,27.0,18.2,,,,,20.3,,13.8,,,,,,,,
329,2015-10-03,1800,Encuestamos,23.5,26.3,2.0,1.4,,,15.2,,15.4,,,,,,,,
330,2015-10-22,1001,MyWord,26.3,21.6,,,,,18.6,,14.9,,,,,,,,
331,2015-10-26,1400,Metroscopia,23.5,21.0,,,,,22.5,,17.0,,,,,,,,
332,2015-10-14,2800,GAD3,27.8,22.1,2.6,1.6,0.5,0.6,17.5,,13.9,,,,,,,,
333,2015-10-19,1010,TNS Demoscopia,26.7,19.3,,,,,19.8,,15.4,,,,,,,,
334,2015-10-14,3300,GAD3,28.1,22.4,2.5,1.6,0.5,0.5,17.7,,13.2,,,,,,,,
335,2015-11-04,NA,JM&A,28.0,18.2,,1.3,0.6,,19.7,,14.8,,,,,,,,
336,2015-11-02,1100,Celeste-Tel,26.4,24.0,,1.3,0.4,0.7,21.1,0.7,10.8,,,,,,,,
337,2015-10-29,1800,Demoscopia Servicios,29.0,22.3,,,,,,,13.4,,,,,,,,
338,2015-11-08,2508,IBES,27.4,20.3,3.1,1.0,0.2,0.4,18.0,0.3,15.0,,,,,,,,
339,2015-10-26,1014,TNS Demoscopia,26.3,19.6,,,,,20.2,,15.0,,,,,,,,
340,2015-10-28,1000,Sondaxe,29.4,19.3,1.6,1.1,0.3,0.3,20.9,,15.2,,,,,,,,
341,2015-10-19,3100,GAD3,27.9,22.1,2.5,1.6,0.4,0.4,,,13.7,,,,,,,,
342,2015-11-09,1100,Celeste-Tel,27.1,23.8,1.7,1.3,0.4,0.5,19.5,0.7,14.6,,,,,,,,
343,2015-11-09,NA,Invymark,28.5,22.2,,,,,18.2,,14.0,,,,,,,,
344,2015-11-11,NA,Sigma Dos,27.3,20.3,,,,,21.4,,15.7,,,,,,,,
345,2015-11-02,1018,TNS Demoscopia,26.4,20.5,,,,,20.4,,14.2,,,,,,,,
346,2015-10-27,17452,CIS,28.6,20.8,1.9,1.1,0.3,0.3,19.0,,15.7,,,,,,,,
347,2015-11-02,1746,Simple Lógica,26.5,20.4,,0.9,,,21.9,,16.9,,,,,,,,
348,2015-11-01,1800,Encuestamos,26.2,25.7,,1.5,,,15.0,,15.4,,,,,,,,
349,2015-10-26,3000,GAD3,28.5,22.8,2.6,1.5,0.3,0.2,16.4,,15.6,,,,,,,,
350,2015-11-19,NA,JM&A,27.2,18.7,,1.3,0.5,,,,15.9,,,,,,,,
351,2015-11-16,1100,Celeste-Tel,27.5,23.9,,1.2,0.4,0.5,18.9,0.7,15.1,,,,,,,,
352,2015-11-22,NA,Deimos Estadística,25.0,21.7,2.7,1.6,0.5,0.5,20.2,,16.8,,,,,,,,
353,2015-11-09,1018,TNS Demoscopia,27.4,20.6,,,,,21.3,,14.3,,,,,,,,
354,2015-11-18,1800,Encuestamos,26.6,25.4,2.1,1.4,0.4,0.6,15.1,,16.0,,,,,,,,
355,2015-11-23,1200,Metroscopia,22.7,22.5,,,,,22.6,,17.1,,,,,,,,
356,2015-11-23,1500,Demoscopia Servicios,28.3,21.2,2.1,1.3,,,19.9,,15.5,,,,,,,,
357,2015-11-02,4300,GAD3,28.3,23.1,2.5,1.4,0.4,0.2,17.4,,14.9,,,,,,,,
358,2015-11-24,1500,Sigma Dos,27.1,20.2,2.2,1.1,,,23.0,,16.2,,,,,,,,
359,2015-11-23,1100,Celeste-Tel,28.1,23.9,1.9,1.2,0.4,0.5,18.6,0.7,15.3,,,,,,,,
360,2015-11-23,1200,Invymark,29.5,20.8,,,,,18.0,,14.3,,,,,,,,
361,2015-11-09,3000,NC Report,29.3,23.1,2.0,1.2,0.4,0.3,17.4,0.4,15.6,,,,,,,,
362,2015-11-23,1816,GESOP,23.9,21.4,2.7,,,,21.0,,16.0,,,,,,,,
363,2015-11-16,1033,TNS Demoscopia,27.1,20.0,,,,,21.6,,15.5,,,,,,,,
364,2015-11-25,1800,Encuestamos,26.5,25.2,2.2,1.4,0.4,0.6,15.8,,16.3,,,,,,,,
365,2015-11-25,1500,Redondo & Asociados,28.1,21.5,2.1,1.3,0.5,,20.2,,15.3,,,,,,,,
366,2015-11-10,5700,GAD3,28.2,21.5,2.2,1.5,0.4,0.2,17.9,,16.6,,,,,,,,
367,2015-12-01,1800,Sigma Dos,27.5,19.4,2.0,1.0,,,21.6,,17.2,,,,,,,,
368,2015-11-23,5000,A+M,28.1,21.0,1.8,1.4,0.1,,21.0,,15.1,,,,,,,,
369,2015-11-30,1100,Celeste-Tel,28.2,23.1,,1.2,0.3,0.4,,0.6,16.2,,,,,,,,
370,2015-11-30,NA,Invymark,28.9,19.9,,,,,18.7,,16.0,,,,,,,,
371,2015-11-23,1500,NC Report,29.8,22.7,2.0,1.2,0.4,0.3,17.8,0.4,15.6,,,,,,,,
372,2015-11-30,1000,Sondaxe,27.8,19.4,2.1,1.2,,,19.9,,18.2,,,,,,,,
373,2015-12-06,NA,JM&A,26.6,18.8,2.0,1.2,0.5,0.5,21.2,,16.6,,,,,,,,
374,2015-11-23,1035,TNS Demoscopia,27.9,20.4,,,,,21.9,,15.1,,,,,,,,
375,2015-12-01,1800,Encuestamos,26.7,24.9,2.2,1.5,,,16.2,,16.4,,,,,,,,
376,2015-11-27,1012,DYM,26.7,17.0,,,,,23.2,,19.1,,,,,,,,
377,2015-12-03,1500,MyWord,26.5,21.7,,,,,18.6,,17.0,,,,,,,,
378,2015-12-01,1500,Redondo & Asociados,28.3,20.8,1.9,1.4,0.4,,19.8,,16.6,,,,,,,,
379,2015-12-01,8350,Sigma Dos,27.2,20.3,,1.2,,,,,18.4,,,,,,,,
380,2015-12-07,1800,IBES,27.7,20.5,,1.1,0.3,0.4,,,16.2,,,,,,,,
381,2015-12-07,2800,Metroscopia,25.3,21.0,,,,,18.2,,19.1,,,,,,,,
382,2015-12-07,1100,Celeste-Tel,28.1,22.7,2.0,1.2,0.3,0.4,18.1,0.6,17.0,,,,,,,,
383,2015-12-07,1500,Demoscopia Servicios,28.8,19.7,,,,,19.9,,17.9,,,,,,,,
384,2015-11-16,7300,GAD3,28.3,21.2,2.3,1.3,0.4,0.3,18.1,,17.6,,,,,,,,
385,2015-12-01,1206,Hamalgama–Ágora Integral,26.5,22.7,2.0,1.1,0.2,,20.3,,18.1,,,,,,,,
386,2015-12-07,NA,Invymark,29.0,18.9,,,,,,,17.2,,,,,,,,
387,2015-12-01,1005,Simple Lógica,27.0,18.2,,0.7,,,20.9,,17.2,,,,,,,,
388,2015-12-10,800,GESOP,25.2,20.8,,,,,18.0,,18.4,,,,,,,,
389,2015-12-09,3000,NC Report,29.9,22.0,2.0,1.0,0.3,0.4,17.8,0.4,16.3,,,,,,,,
390,2015-12-13,NA,JM&A,27.7,18.6,2.1,1.3,0.5,0.5,20.1,,18.0,,,,,,,,
391,2015-11-30,1017,TNS Demoscopia,28.9,18.9,,,,,20.0,,17.3,,,,,,,,
392,2015-12-07,2000,Encuestamos,26.9,22.9,2.2,1.4,,,17.0,,18.6,,,,,,,,
393,2015-12-07,3200,GAD3,28.6,21.0,2.3,1.3,0.4,,17.6,,17.9,,,,,,,,
394,2015-11-27,17195,GIPEyOP,24.5,21.3,3.2,1.2,0.5,0.5,16.5,,19.9,,,,,,,,
395,2016-01-02,2496,CIS,28.8,20.5,2.8,1.3,,,13.3,,21.9,1.0,,,,,,,
396,2016-01-09,1000,IMOP,31.4,23.5,2.3,1.2,,,11.8,,22.9,0.9,,,,,,,
397,2016-01-04,1050,Simple Lógica,30.0,20.4,,,,,14.7,,21.3,,,,,,,,
398,2016-01-02,2200,Estudio de Sociología Consultores,32.4,22.4,,,,,13.2,,20.5,,,,,,,,
399,2016-01-12,1200,Metroscopia,29.0,21.1,,,,,16.6,,22.5,,,,,,,,
400,2016-01-04,1100,Celeste-Tel,30.2,21.9,2.5,1.1,0.3,0.3,12.6,,22.1,0.9,1.0,,,,,,
401,2016-01-01,1800,Encuestamos,33.2,22.2,2.5,1.1,0.3,,10.9,,21.4,0.8,,,,,,,
402,2016-01-11,NA,Invymark,30.8,20.8,,,,,12.6,,21.6,,,,,,,,
403,2016-01-04,955,NC Report,30.5,22.1,,,,,13.4,,20.7,,,,,,,,
404,2016-01-16,NA,Redondo & Asociados,30.5,20.7,,,,,10.9,,22.8,,,,,,,,
405,2016-01-15,1000,MyWord,28.0,21.3,,,,,14.4,,20.3,,,,,,,,
406,2016-01-15,802,GAD3,30.1,21.3,2.4,1.1,0.3,,13.4,,20.0,1.1,,,,,,,
407,2016-01-04,1900,NC Report,30.7,21.1,2.4,1.2,0.3,,12.0,,21.9,0.8,,,,,,,
408,2015-12-16,13000,Redondo & Asociados,29.8,19.4,,,,,10.3,,25.6,,,,,,,,
409,2016-02-03,1000,Metroscopia,24.0,23.3,,,,,18.5,,19.9,,,,,,,,
410,2016-02-01,1100,Celeste-Tel,28.5,22.4,2.7,1.2,0.4,0.3,15.1,,20.4,0.8,1.0,,,,,,
411,2016-02-01,NA,Invymark,27.8,21.1,,,,,15.1,,21.6,,,,,,,,
412,2016-02-01,1048,Simple Lógica,26.9,21.7,,,,,18.9,,20.3,,,,,,,,
413,2016-02-07,NA,JM&A,27.8,20.4,2.6,1.2,0.3,,14.9,,21.2,0.9,,,,,,,
414,2016-02-08,800,GAD3,27.9,20.8,2.6,1.4,0.3,,14.9,,21.4,0.7,,,,,,,
415,2016-02-07,1960,GIPEyOP,27.1,22.3,2.4,1.2,,,14.9,,22.3,0.7,,,,,,,
416,2016-02-01,1800,Encuestamos,27.7,24.2,2.5,1.1,0.3,,13.9,,20.5,0.9,,,,,,,
417,2016-02-10,1400,NC Report,28.9,21.4,2.5,1.2,0.3,,14.2,,21.1,0.8,,,,,,,
418,2016-02-16,1000,Sigma Dos,27.8,23.1,2.4,1.1,,,15.3,,18.8,,,,,,,,
419,2016-02-15,NA,Invymark,26.4,21.8,,,,,16.2,,20.7,,,,,,,,
420,2016-02-19,1071,DYM,25.6,22.1,,,,,17.6,,19.8,,,,,,,,
421,2016-02-22,1200,Invymark,26.8,20.3,,,,,15.8,,22.1,,,,,,,,
422,2016-03-03,NA,JM&A,26.5,20.2,2.6,1.3,0.4,,16.9,,20.9,1.0,,,,,,,
423,2016-03-01,1400,NC Report,29.2,21.8,2.4,1.2,0.4,,14.9,,20.2,0.8,,,,,,,
424,2016-03-02,1100,Celeste-Tel,28.6,22.6,2.5,1.1,0.3,0.2,15.7,,19.6,0.8,1.0,,,,,,
425,2016-03-05,1000,GESOP,26.4,21.9,2.4,,,,17.8,,18.1,,,,,,,,
426,2016-03-08,1200,Metroscopia,26.0,23.1,,,,,19.5,,16.8,,,,,,,,
427,2016-03-01,1206,Simple Lógica,26.2,21.6,,,,,17.1,,18.3,,,,,,,,
428,2016-03-05,1002,Sondaxe,28.6,22.0,2.5,1.2,0.3,,15.6,,19.1,0.8,,,,,,,
429,2016-03-07,800,GAD3,28.2,24.2,2.9,1.2,0.3,,14.1,,18.7,0.7,,,,,,,
430,2016-03-07,NA,Invymark,28.5,20.8,,,,,14.3,,21.5,,,,,,,,
431,2016-03-01,2300,NC Report,29.3,22.0,2.4,1.2,0.3,,15.1,,19.8,0.8,,,,,,,
432,2016-03-10,1004,MyWord,27.0,20.9,,,,,18.0,,15.9,,,,,,,,
433,2016-03-13,1000,NC Report,29.3,22.1,2.3,1.2,0.4,,15.1,,19.5,0.8,,,,,,,
434,2016-03-01,2000,Encuestamos,30.1,23.2,2.6,1.2,0.3,,14.2,,19.6,0.6,,,,,,,
435,2016-03-22,900,NC Report,29.8,22.4,2.5,1.3,0.3,,15.5,,22.3,0.7,,,,,,,
436,2016-03-28,1200,Metroscopia,27.7,21.0,,,,,18.8,,15.9,,,,,,,,
437,2016-03-23,1002,Netquest,27.5,19.3,,,,,16.9,,17.3,,,,,,,,
438,2016-03-28,800,Sigma Dos,30.2,22.0,2.3,1.1,,,16.2,,16.7,,,,,,,,
439,2016-03-28,1200,Invymark,28.6,21.6,,,,,15.2,,19.9,,,,,,,,
440,2016-03-22,1800,NC Report,29.8,22.1,2.5,1.3,0.3,,15.8,,22.1,0.7,,,,,,,
441,2016-03-28,1000,Redondo & Asociados,29.1,21.8,2.4,1.3,0.3,,15.7,,24.0,0.7,,,,,,,
442,2016-04-01,1100,Celeste-Tel,29.1,22.2,2.7,1.1,0.3,0.2,15.9,,19.4,0.7,1.0,,,,,,
443,2016-03-30,1036,DYM,29.2,20.7,,,,,15.2,,19.6,,,,,,,,
444,2016-04-05,1200,Metroscopia,29.0,20.1,,,,,17.7,,20.8,,,,,,,,
445,2016-04-06,800,GAD3,29.2,23.3,2.3,1.1,0.2,,14.4,,15.5,0.8,,,,,,,
446,2016-04-04,2300,NC Report,30.0,21.4,2.4,1.3,0.3,,15.8,,23.1,0.7,,,,,,,
447,2016-04-04,2500,Advice Strategic,29.1,21.7,2.3,1.2,,,16.0,,17.4,,,,,,,,
448,2016-04-01,2490,CIS,27.4,21.6,2.5,1.0,0.4,,15.6,,23.1,0.7,,,,,,,
449,2016-04-06,1027,IMOP,28.8,22.2,2.2,1.1,,,16.6,,15.6,0.7,,,,,,,
450,2016-04-04,1047,Simple Lógica,28.3,20.6,,,,,17.7,,16.9,,,,,,,,
451,2016-04-13,NA,JM&A,27.9,19.8,2.4,1.3,0.4,,17.0,,20.9,0.9,,,,,,,
452,2016-04-07,955,NC Report,30.7,21.2,,,,,14.5,,21.9,,,,,,,,
453,2016-04-12,1000,TNS Demoscopia,29.4,22.3,,,,,15.8,,17.5,,,,,,,,
454,2016-04-11,NA,Invymark,28.6,20.4,,,,,15.8,,19.2,,,,,,,,
455,2016-04-12,2400,NC Report,30.1,21.0,2.3,1.2,0.3,,15.6,,23.7,0.7,,,,,,,
456,2016-04-01,2000,Encuestamos,30.3,23.0,2.6,1.1,0.3,,14.2,,19.4,0.6,,,,,,,
457,2016-04-22,NA,JM&A,27.8,20.0,2.3,1.3,0.3,,16.5,,25.2,0.8,,,,,,,
458,2016-04-18,1000,Netquest,27.3,20.2,,,,,17.0,,18.7,,,,,,,,
459,2016-04-18,800,Sigma Dos,29.8,22.9,2.6,1.1,,,15.2,,21.5,,,,,,,,
460,2016-04-18,2000,NC Report,30.2,20.9,2.3,1.2,0.3,,15.5,,24.1,0.8,,,,,,,
461,2016-04-26,1200,Metroscopia,29.0,20.3,,,,,16.9,,22.3,,,,,,,,
462,2016-04-26,800,GAD3,29.7,23.2,2.2,1.3,0.4,,14.0,,20.9,0.9,,,,,,,
463,2016-04-25,1200,Invymark,28.7,19.4,,,,,15.4,,20.7,,,,,,,,
464,2016-04-18,2000,NC Report,30.1,20.7,2.0,1.3,0.3,,15.3,,24.5,0.8,,,,,,,
465,2016-04-23,1800,Encuestamos,30.0,22.8,2.4,1.2,0.3,0.3,14.1,,23.9,0.6,,,,,,,
466,2016-05-02,1100,Celeste-Tel,29.2,22.4,2.4,1.2,0.3,0.2,15.5,,24.2,0.9,1.0,,,,,,
467,2016-04-25,2000,NC Report,30.2,20.8,2.1,1.2,0.3,,15.0,,24.7,0.8,,,,,,,
468,2016-05-02,1035,Simple Lógica,29.9,21.5,,,,,17.7,,14.2,,,,,,,,
469,2016-05-09,1500,NC Report,30.2,21.0,2.2,1.1,0.3,,14.7,,24.9,0.9,,,,,,,
470,2016-05-09,NA,Invymark,29.6,20.1,,,,,15.1,,24.2,,,,,,,,
471,2016-05-13,NA,JM&A,27.8,20.3,2.3,1.3,0.3,,16.6,,24.5,0.9,,,,,,,
472,2016-05-10,1000,Netquest,30.8,19.7,,,,,14.7,,23.7,,,,,,,,
473,2016-05-13,1000,Redondo & Asociados,29.4,21.2,2.2,1.1,0.3,,15.1,,24.3,0.9,,,,,,,
474,2016-05-12,2940,GIPEyOP,29.3,21.9,2.5,1.2,0.3,,13.3,,24.3,0.8,,,,,,,
475,2016-05-17,1200,Metroscopia,28.4,20.1,,,,,16.4,,22.9,,,,,,,,
476,2016-05-16,1100,Celeste-Tel,29.5,22.0,2.3,1.2,0.3,0.2,14.9,,24.2,0.9,1.1,,,,,,
477,2016-05-09,2500,NC Report,30.4,21.1,2.3,1.1,0.3,,14.5,,24.9,0.8,,,,,,,
478,2016-05-04,17488,CIS,29.2,21.2,2.4,1.2,0.2,,14.6,,25.6,0.9,,,,,,,
479,2016-05-02,2000,Encuestamos,30.3,22.9,2.4,1.1,0.3,0.2,13.9,,23.2,0.6,,,,,,,
480,2016-05-20,1000,MyWord,29.2,20.7,,,,,14.2,,24.8,,,,,,,,
481,2016-05-19,2500,Advice Strategic,29.8,20.4,,,,,14.7,,24.4,,,,,,,,
482,2016-05-23,1000,GAD3,29.6,21.6,2.4,1.2,0.3,,14.8,,22.5,0.9,,,,,,,
483,2016-05-16,2000,NC Report,30.5,21.3,2.2,1.1,0.3,,14.2,,24.7,0.8,,,,,,,
484,2016-06-01,NA,JM&A,28.7,21.7,2.3,1.3,0.4,,14.8,,24.1,0.9,,,,,,,
485,2016-05-31,1200,Metroscopia,28.5,20.2,,,,,16.6,,25.6,,,,,,,,
486,2016-06-01,1000,PSOE,27.9,23.8,,,,,14.5,,22.4,,,,,,,,
487,2016-05-31,1000,Sigma Dos,31.0,20.3,2.6,1.3,,,14.0,,23.7,,,,,,,,
488,2016-05-30,2000,NC Report,30.5,21.4,2.3,1.1,0.3,,13.9,,24.5,0.8,,,,,,,
489,2016-06-01,1000,Netquest,27.7,21.6,,,,,15.4,,24.3,,,,,,,,
490,2016-05-26,2000,Encuestamos,30.4,21.9,2.3,1.3,0.2,0.2,13.6,,23.6,0.7,,,,,,,
491,2016-06-01,1100,Celeste-Tel,29.7,22.1,2.4,1.2,0.3,0.2,14.3,,24.4,0.9,1.0,,,,,,
492,2016-06-03,1816,GESOP,27.9,21.2,2.3,,,,15.5,,24.5,,,,,,,,
493,2016-06-06,NA,Invymark,30.1,20.0,2.6,1.3,,,14.4,,24.8,,,,,,,,
494,2016-06-07,1200,Metroscopia,28.9,20.8,,,,,15.9,,25.4,,,,,,,,
495,2016-06-06,1016,GAD3,29.8,21.4,2.4,1.2,0.3,,14.9,,24.3,0.9,,,,,,,
496,2016-06-01,1005,Sondaxe,29.2,21.4,2.4,0.9,,,12.9,,26.1,0.9,,,,,,,
497,2016-06-05,1000,NC Report,30.6,21.3,2.3,1.1,0.3,,13.7,,24.8,0.8,,,,,,,
498,2016-06-01,2000,Netquest,28.8,21.0,,,,,15.8,,24.7,,,,,,,,
499,2016-06-07,1816,SYM Consulting,29.7,22.9,,,,,13.4,,24.4,,,,,,,,
500,2016-06-06,500,TNS Demoscopia,29.0,21.3,,,,,15.6,,24.5,,,,,,,,
501,2016-06-11,900,GESOP,28.0,21.0,,,,,14.9,,24.9,,,,,,,,
502,2016-06-13,NA,JM&A,29.2,21.1,2.4,1.2,0.3,,15.1,,24.4,0.9,,,,,,,
503,2016-06-08,1100,Celeste-Tel,29.8,22.0,2.4,1.2,0.3,0.2,13.8,,24.9,0.8,1.0,,,,,,
504,2016-06-12,900,GESOP,27.8,21.1,,,,,15.2,,24.7,,,,,,,,
505,2016-06-09,1000,Redondo & Asociados,29.2,21.1,2.2,1.1,0.3,,15.3,,24.6,0.9,,,,,,,
506,2016-06-05,2500,Advice Strategic,29.6,20.5,,,,,14.8,,25.1,,,,,,,,
507,2016-06-14,1011,DYM,29.0,21.0,,,,,15.2,,24.9,,,,,,,,
508,2016-06-13,900,GESOP,28.3,20.8,,,,,15.4,,24.5,,,,,,,,
509,2016-06-13,1800,Metroscopia,29.0,20.5,,,,,14.5,,26.0,,,,,,,,
510,2016-06-01,1226,Simple Lógica,29.2,22.5,,,,,15.4,,23.5,,,,,,,,
511,2016-06-13,1100,Celeste-Tel,30.3,21.8,2.4,1.2,0.3,0.2,13.4,,25.1,0.8,0.8,,,,,,
512,2016-06-13,1400,GAD3,30.3,21.4,2.3,1.2,0.3,,14.4,,24.6,0.8,,,,,,,
513,2016-06-14,900,GESOP,28.6,20.8,,,,,15.6,,24.1,,,,,,,,
514,2016-06-15,NA,Invymark,29.8,20.4,,,,,14.1,,25.3,,,,,,,,
515,2016-06-13,1502,MyWord,28.9,20.4,,,,,14.4,,24.8,,,,,,,,
516,2016-06-14,1500,Sigma Dos,30.5,20.0,2.4,1.2,,,14.1,,24.8,,,,,,,,
517,2016-06-13,4000,A+M,28.8,21.7,2.3,1.1,0.2,,16.2,,24.3,0.8,,,,,,,
518,2016-06-14,1100,Celeste-Tel,30.5,21.8,2.4,1.1,0.3,0.2,13.3,,25.3,0.8,0.8,,,,,,
519,2016-06-15,900,GESOP,28.3,21.2,,,,,15.6,,24.2,,,,,,,,
520,2016-06-08,1450,Hamalgama–Ágora Integral,30.4,21.0,2.1,1.3,0.3,,12.5,,26.2,0.8,,,,,,,
521,2016-06-05,2000,NC Report,31.1,21.2,2.3,1.1,0.3,,13.2,,25.4,0.8,,,,,,,
522,2016-06-07,2000,Netquest,30.4,20.4,,,,,15.2,,24.0,,,,,,,,
523,2016-06-16,900,GESOP,28.8,21.6,,,,,15.4,,23.7,,,,,,,,
524,2016-06-11,2400,Encuestamos,30.6,22.0,2.2,1.2,0.2,0.2,13.6,,23.9,0.8,,,,,,,
525,2016-06-17,900,GESOP,28.3,21.9,,,,,14.9,,24.0,,,,,,,,
526,2016-06-17,1200,Invymark,30.1,19.9,,,,,13.8,,26.1,,,,,,,,
527,2016-06-19,NA,JM&A,29.8,22.1,2.4,1.3,0.3,,13.9,,23.9,0.9,,,,,,,
528,2016-06-19,NA,Redondo & Asociados,29.4,21.5,,,,,15.1,,24.9,,,,,,,,
529,2016-06-13,500,TNS Demoscopia,29.6,21.0,,,,,14.8,,24.7,,,,,,,,
530,2016-06-13,1900,GAD3,30.7,21.2,,,,,14.1,,24.9,,,,,,,,
531,2016-06-18,900,GESOP,29.0,21.5,,,,,14.9,,23.7,,,,,,,,
532,2016-06-06,10244,GIPEyOP,29.5,22.0,2.7,1.1,,0.3,14.5,,24.5,0.9,,,,,,,
533,2016-06-19,900,GESOP,28.5,21.5,,,,,15.2,,23.7,,,,,,,,
534,2016-06-21,NA,NC Report,31.3,21.4,2.3,1.1,0.3,,13.2,,25.1,0.7,,,,,,,
535,2016-06-20,900,GESOP,28.2,21.7,,,,,15.2,,23.6,,,,,,,,
536,2016-06-21,900,GESOP,28.0,21.8,,,,,15.2,,24.0,,,,,,,,
537,2016-06-23,NA,NC Report,31.7,21.6,2.3,1.1,0.3,,13.1,,24.5,0.7,,,,,,,
538,2016-06-13,4000,GAD3,30.4,21.8,2.8,1.2,0.3,,13.2,,24.8,0.9,,,,,,,
539,2016-06-22,900,GESOP,28.7,21.6,,,,,14.9,,23.7,,,,,,,,
540,2016-06-23,1000,GESOP,28.7,21.6,,,,,14.5,,23.9,,,,,,,,
541,2016-06-25,NA,NC Report,31.9,22.0,2.4,1.1,0.3,,13.0,,23.7,0.8,,,,,,,
542,2016-06-27,NA,Invymark,33.6,22.5,,,,,11.7,,21.2,,,,,,,,
543,2016-07-01,2479,CIS,32.5,23.1,2.9,1.2,0.1,,12.0,,19.6,0.9,,1.7,,,,,
544,2016-07-01,1033,Simple Lógica,33.5,22.3,,,,,14.1,,21.6,,,,,,,,
545,2016-07-18,1000,NC Report,34.1,22.2,2.9,1.2,0.3,,12.3,,21.0,0.7,,2.0,,,,,
546,2016-08-02,NA,JM&A,32.7,22.8,2.8,1.3,0.4,,12.8,,21.0,0.8,,2.2,,,,,
547,2016-08-01,1049,Simple Lógica,35.4,22.8,,,,,12.3,,21.3,,,,,,,,
548,2016-08-22,1100,Celeste-Tel,34.0,22.3,2.5,1.3,0.3,0.2,12.7,,20.9,0.8,1.3,2.0,,,,,
549,2016-08-29,1000,NC Report,34.8,22.4,2.8,1.2,0.3,,12.1,,20.7,0.8,,1.9,,,,,
550,2016-09-01,1100,Estudio de Sociología Consultores,34.7,22.5,,,,,11.5,,19.5,,,,,,,,
551,2016-09-06,1294,Metroscopia,34.8,21.3,,,,,12.0,,21.1,,,,,,,,
552,2016-09-06,802,GAD3,33.9,21.1,2.7,1.2,0.3,,12.9,,20.5,0.8,,2.1,,,,,
553,2016-09-05,NA,Invymark,33.7,21.8,,,,,14.0,,20.1,,,,,,,,
554,2016-09-14,NA,JM&A,31.5,23.6,3.0,1.3,0.4,,13.7,,20.4,0.9,,2.2,,,,,
555,2016-09-09,995,MyWord,33.4,22.0,,,,,12.9,,20.6,,,,,,,,
556,2016-09-01,1046,Simple Lógica,33.6,23.7,,,,,12.8,,20.0,,,,,,,,
557,2016-09-05,2400,GAD3,35.4,19.8,2.7,1.4,0.4,,11.5,,20.9,1.0,,2.1,,,,,
558,2016-09-05,3400,GAD3,36.4,18.6,2.8,1.4,0.4,,11.9,,20.8,1.0,,2.1,,,,,
559,2016-09-26,1000,SocioMétrica,33.8,19.9,2.8,1.4,0.3,,14.6,,21.4,0.9,,1.9,,,,,
560,2016-10-03,NA,JM&A,33.0,20.3,2.8,1.3,0.4,,13.4,,22.6,0.8,,2.3,,,,,
561,2016-10-01,1100,Celeste-Tel,36.1,20.9,2.8,1.2,0.3,0.2,12.5,,20.5,0.8,1.3,2.0,,,,,
562,2016-09-27,1132,DYM,36.2,19.6,,,,,11.8,,21.7,,,,,,,,
563,2016-10-03,1100,Estudio de Sociología Consultores,36.5,19.4,,,,,12.5,,18.6,,,,,,,,
564,2016-10-03,NA,Invymark,34.1,20.0,2.6,1.2,,,13.4,,21.8,,,1.9,,,,,
565,2016-10-03,500,NC Report,36.7,19.9,,,,,11.9,,20.6,,,,,,,,
566,2016-10-01,2491,CIS,34.5,17.0,3.0,1.3,0.5,,12.8,,21.8,0.8,,1.7,,,,,
567,2016-10-03,1002,Simple Lógica,36.8,15.9,,,,,13.9,,23.5,,,,,,,,
568,2016-10-10,1388,Metroscopia,37.8,18.0,,,,,11.6,,22.1,,,,,,,,
569,2016-10-18,1800,JJD,35.0,14.0,,,,,14.0,,26.0,,,,,,,,
570,2016-10-24,NA,Invymark,35.3,18.5,2.7,1.2,,,12.0,,23.2,,,1.9,,,,,
571,2016-10-31,NA,Invymark,35.0,19.1,2.6,1.2,,,12.4,,22.6,,,1.8,,,,,
572,2016-11-02,1100,Celeste-Tel,36.2,20.4,2.8,1.2,0.3,0.2,12.8,,20.2,0.9,1.3,2.0,,,,,
573,2016-11-02,1003,Simple Lógica,34.1,17.6,,,,,14.5,,22.9,,,,,,,,
574,2016-11-07,1302,Metroscopia,35.7,17.9,,,,,13.0,,23.1,,,,,,,,
575,2016-11-07,1100,Estudio de Sociología Consultores,36.8,18.1,,,,,14.0,,18.2,,,,,,,,
576,2016-11-16,NA,JM&A,34.0,18.3,2.7,1.3,0.4,,13.1,,24.1,0.8,,2.2,,,,,
577,2016-11-14,NA,Invymark,34.8,19.5,2.5,1.2,,,12.1,,22.7,,,1.8,,,,,
578,2016-11-15,1000,NC Report,36.9,19.5,2.8,1.1,0.3,,11.4,,20.6,0.9,,1.6,,,,,
579,2016-11-17,1000,MyWord,33.8,18.6,,,,,12.4,,22.5,,,,,,,,
580,2016-11-23,2650,Metroscopia,34.2,17.9,,,,,14.5,,22.9,,,,,,,,
581,2016-11-28,1200,Invymark,34.3,20.0,,,,,12.4,,22.9,,,,,,,,
582,2016-11-28,800,SocioMétrica,32.4,19.6,2.8,1.3,0.3,,15.4,,22.4,0.7,,1.3,,,,,
583,2016-12-01,1100,Celeste-Tel,35.9,20.2,2.8,1.2,0.3,0.2,12.7,,20.7,0.9,1.4,1.9,,,,,
584,2016-12-01,1000,Simple Lógica,33.9,19.9,,,,,14.5,,21.0,,,,,,,,
585,2016-12-13,800,GAD3,34.1,19.2,2.8,1.2,0.3,,14.2,,21.6,0.9,,2.1,,,,,
586,2016-12-12,NA,Invymark,34.7,19.9,,,,,12.1,,22.6,,,,,,,,
587,2016-12-13,1000,NC Report,36.9,19.3,2.7,1.1,0.3,,11.6,,21.2,1.0,,1.8,,,,,
588,2016-12-19,NA,Invymark,34.5,20.4,,,,,11.8,,22.4,,,,,,,,
589,2016-12-23,1000,Sigma Dos,34.8,19.4,2.7,1.2,,,12.6,,22.5,,,1.7,,,,,
590,2016-12-22,800,SocioMétrica,33.0,18.8,2.7,1.5,0.3,,15.5,,21.1,0.8,,1.2,,,,,
591,2017-01-02,NA,JM&A,32.1,17.4,2.7,1.3,0.4,,14.8,,24.8,0.9,,2.2,,,,,
592,2016-12-14,5414,GIPEyOP,34.9,19.9,2.9,1.3,0.3,,13.3,,20.6,1.0,,1.8,,,,,
593,2017-01-02,1100,Celeste-Tel,35.9,20.7,2.8,1.2,0.3,0.2,12.4,,20.3,0.9,1.4,1.9,,,,,
594,2017-01-02,2490,CIS,33.0,18.6,3.0,1.8,0.2,,12.4,,21.7,0.9,,1.7,,,,,
595,2017-01-10,1578,Metroscopia,33.2,19.1,,,,,15.5,,21.7,,,,,,,,
596,2017-01-09,NA,Invymark,34.3,20.2,2.6,1.2,,,11.3,,22.9,,,1.6,,,,,
597,2017-01-09,NA,Simple Lógica,33.4,18.2,,,,,14.7,,22.6,,,,,,,,
598,2017-01-23,NA,Invymark,34.1,20.6,,,,,11.7,,22.6,,,,,,,,
599,2017-01-25,805,GAD3,34.2,20.4,2.8,1.2,0.3,,13.8,,20.8,0.8,,1.6,,,,,
600,2017-01-28,1000,NC Report,36.8,19.9,2.7,1.1,0.3,,11.5,,20.8,1.0,,1.8,,,,,
601,2017-01-31,1000,MyWord,32.7,21.8,,,,,12.6,,20.5,,,,,,,,
602,2017-02-01,1100,Celeste-Tel,35.7,21.3,2.8,1.2,0.3,0.2,12.1,,19.7,0.9,1.4,1.8,,,,,
603,2017-02-06,1005,Simple Lógica,31.0,21.4,,,,,13.7,,22.6,,,,,,,,
604,2017-02-13,NA,JM&A,32.7,18.0,,,,,14.4,,24.2,,,,,,,,
605,2017-02-13,NA,Invymark,33.3,21.1,,,,,12.5,,22.0,,,,,,,,
606,2017-02-13,800,SocioMétrica,32.5,18.6,3.0,1.4,0.3,,15.4,,20.2,0.9,,1.5,,,,,
607,2017-02-19,1000,GESOP,32.2,21.1,2.8,,,,14.0,,21.7,,,1.4,,,,,
608,2017-02-27,1000,Sigma Dos,34.3,20.2,2.6,1.3,,,12.6,,21.7,,,1.6,,,,,
609,2017-02-27,NA,Invymark,33.2,21.3,,,,,12.8,,21.5,,,,,,,,
610,2017-03-01,1100,Celeste-Tel,35.6,22.1,2.8,1.2,0.3,0.2,12.1,,19.3,0.9,1.4,1.6,,,,,
611,2017-03-06,1230,Metroscopia,31.2,19.0,,,,,16.5,,21.5,,,,,,,,
612,2017-03-01,1006,Simple Lógica,29.9,20.9,,,,,15.7,,20.0,,,,,,,,
613,2017-03-12,NA,JM&A,31.2,18.2,2.6,1.3,0.4,,16.2,,23.7,0.9,,2.2,,,,,
614,2017-03-07,1010,DYM,31.0,20.0,,,,,16.2,,19.9,,,,,,,,
615,2017-03-13,NA,Invymark,32.6,21.0,,,,,13.4,,21.9,,,,,,,,
616,2017-03-13,1000,NC Report,37.0,20.8,2.7,1.1,0.3,,11.3,,20.2,1.0,,1.6,,,,,
617,2017-03-21,1055,MyWord,30.7,22.6,,,,,14.0,,20.3,,,,,,,,
618,2017-03-27,NA,Invymark,33.2,21.4,,,,,12.9,,21.4,,,,,,,,
619,2017-03-30,3166,Metroscopia,30.2,20.2,,,,,17.4,,20.7,,,,,,,,
620,2017-04-03,1100,Celeste-Tel,35.1,22.3,2.8,1.1,0.3,0.2,12.9,,19.2,0.9,1.3,1.5,,,,,
621,2017-04-01,2492,CIS,31.5,19.9,2.9,1.1,0.3,,14.9,,19.7,1.1,,2.0,,,,,
622,2017-04-03,1008,Simple Lógica,30.8,23.8,,,,,13.9,,19.3,,,,,,,,
623,2017-04-05,1000,NC Report,36.8,21.0,2.7,1.0,0.3,,11.8,,20.2,0.9,,1.5,,,,,
624,2017-04-05,800,SocioMétrica,31.6,21.2,2.8,1.3,0.4,,16.7,,19.4,0.8,,1.9,,,,,
625,2017-05-02,NA,JM&A,27.0,22.7,2.7,1.1,0.3,,17.1,,21.8,0.9,,1.8,,,,,
626,2017-05-02,1100,Celeste-Tel,34.8,22.5,2.8,1.2,0.3,0.2,12.7,,19.3,0.9,1.2,1.5,,,,,
627,2017-05-02,NA,Invymark,32.0,21.7,,,,,13.8,,21.6,,,,,,,,
628,2017-05-08,1200,Sigma Dos,31.1,23.5,2.6,1.2,,,14.3,,21.6,,,1.0,,,,,
629,2017-05-03,1002,Simple Lógica,30.9,22.3,,,,,14.8,,19.8,,,,,,,,
630,2017-05-15,NA,Invymark,31.7,22.0,,,,,14.2,,21.2,,,,,,,,
631,2017-05-22,NA,Redondo & Asociados,29.0,23.0,,,,,16.0,,22.0,,,,,,,,
632,2017-05-22,NA,Invymark,31.2,22.8,,,,,14.1,,20.8,,,,,,,,
633,2017-05-29,805,GAD3,30.7,25.9,2.9,1.4,0.3,,15.4,,17.8,0.8,,1.5,,,,,
634,2017-05-29,1768,Metroscopia,25.9,22.8,,,,,18.7,,19.2,,,,,,,,
635,2017-05-30,1008,MyWord,28.6,24.8,,,,,15.7,,18.9,,,,,,,,
636,2017-05-22,1000,NC Report,36.0,20.5,2.8,1.1,0.3,,12.6,,20.2,0.9,,1.5,,,,,
637,2017-06-01,1100,Celeste-Tel,31.9,23.5,2.8,1.2,0.3,0.2,14.5,,19.0,1.0,1.6,1.4,,,,,
638,2017-06-05,NA,Invymark,30.9,23.0,,,,,14.3,,20.9,,,,,,,,
639,2017-06-05,1004,Simple Lógica,29.9,25.3,,,,,16.8,,18.6,,,,,,,,
640,2017-06-12,NA,Invymark,30.4,23.6,,,,,14.2,,21.0,,,,,,,,
641,2017-06-06,800,SocioMétrica,26.7,24.2,3.3,1.2,0.5,,18.1,,19.1,0.9,,2.0,,,,,
642,2017-06-22,1219,DYM,30.9,25.0,,,,,15.8,,17.5,,,,,,,,
643,2017-06-27,1017,Metroscopia,25.5,21.6,,,,,18.8,,20.6,,,,,,,,
644,2017-06-26,NA,Invymark,30.0,24.2,,,,,13.8,,21.1,,,,,,,,
645,2017-07-05,NA,JM&A,29.2,25.5,2.8,1.1,0.3,,15.3,,18.5,0.9,,1.9,,,,,
646,2017-07-03,1100,Celeste-Tel,31.6,24.4,2.9,1.1,0.3,0.2,15.1,,18.8,0.8,1.4,1.3,,,,,
647,2017-07-09,1000,NC Report,34.2,22.3,2.9,1.0,0.3,,13.9,,19.1,0.9,,1.2,,,,,
648,2017-07-01,2490,CIS,28.8,24.9,2.9,1.0,0.4,,14.5,,20.3,0.8,,1.7,,,,,
649,2017-07-03,1003,Simple Lógica,27.2,24.1,,,,,17.2,,20.4,,,,,,,,
650,2017-07-07,1003,MyWord,29.2,23.6,,,,,14.5,,19.0,,,,,,,,
651,2017-07-10,NA,Invymark,30.7,23.4,,,,,13.6,,21.3,,,,,,,,
652,2017-07-14,1700,Metroscopia,26.9,22.0,,,,,18.5,,19.7,,,,,,,,
653,2017-07-31,NA,Redondo & Asociados,28.7,23.8,,,,,14.3,,19.6,,,,,,,,
654,2017-08-01,1100,Celeste-Tel,31.1,25.0,2.9,1.2,0.3,0.2,14.9,,18.9,0.9,1.3,1.4,,,,,
655,2017-08-01,NA,Simple Lógica,30.8,25.0,,,,,13.7,,18.8,,,,,,,,
656,2017-09-01,NA,JM&A,28.1,23.4,2.9,1.4,0.3,,17.4,,20.0,0.7,,1.9,,,,,
657,2017-09-04,1003,MyWord,30.9,26.1,,,,,14.1,,17.5,,,,,,,,
658,2017-09-04,1000,Sigma Dos,30.8,26.4,2.3,1.2,,,12.7,,19.5,,,1.3,,,,,
659,2017-09-01,1100,Celeste-Tel,30.9,25.4,2.9,1.2,0.3,0.2,14.9,,18.7,0.9,1.3,1.3,,,,,
660,2017-09-04,1000,GAD3,31.9,23.9,3.5,1.4,0.3,,15.8,,18.3,0.7,,1.3,,,,,
661,2017-09-05,1078,Simple Lógica,30.1,25.0,,,,,15.8,,18.8,,,,,,,,
662,2017-09-11,NA,Invymark,30.2,24.5,,,,,14.1,,20.0,,,,,,,,
663,2017-10-02,1238,GAD3,29.8,21.8,3.1,1.2,0.3,,19.5,,17.9,1.0,,1.8,,,,,
664,2017-10-09,1100,Celeste-Tel,30.6,23.6,2.8,1.2,0.3,0.2,17.2,,18.1,0.9,1.4,1.3,,,,,
665,2017-10-02,1053,Simple Lógica,27.7,24.2,,,,,20.7,,16.6,,,,,,,,
666,2017-10-02,2487,CIS,28.0,24.2,2.7,1.3,0.3,,17.5,,18.5,0.7,,1.6,,,,,
667,2017-09-26,982,DYM,29.9,24.0,,,,,17.5,,16.9,,,,,,,,
668,2017-10-14,NA,JM&A,27.6,22.0,2.8,1.3,0.3,,18.2,,21.0,0.7,,1.8,,,,,
669,2017-10-11,1000,NC Report,31.4,22.0,3.0,1.1,0.3,,17.8,,17.5,0.8,,1.3,,,,,
670,2017-10-16,1100,Invymark,30.0,24.9,,,,,14.6,,19.5,,,,,,,,
671,2017-10-23,1250,Sigma Dos,31.4,26.0,3.0,1.4,,,16.7,,15.3,,,1.4,,,,,
672,2017-10-30,1200,Invymark,30.3,25.1,,,,,15.8,,17.5,,,,,,,,
673,2017-10-27,800,SocioMétrica,27.5,24.8,2.1,1.0,0.3,,20.6,2.0,15.7,0.6,,1.7,,,,,
674,2017-11-06,1730,Metroscopia,26.1,22.7,,,,,22.7,,14.7,,,,,,,,
675,2017-11-02,1071,Simple Lógica,27.1,24.8,,,,,21.6,,15.1,,,,,,,,
676,2017-11-06,1100,Celeste-Tel,30.3,24.2,2.7,1.2,0.3,0.2,17.5,,17.7,0.9,1.3,1.3,,,,,
677,2017-11-13,NA,Invymark,30.1,25.3,2.8,,,,16.4,,17.0,,,1.6,,,,,
678,2017-12-01,1100,Celeste-Tel,30.2,24.7,,,,,17.7,,17.4,,,,,,,,
679,2017-12-05,1077,Simple Lógica,24.8,23.8,,,,,22.8,,16.3,,,,,,,,
680,2017-12-26,NA,JM&A,25.8,23.0,2.9,1.4,0.3,,22.4,,17.6,0.8,,1.9,,,,,
681,2017-12-25,NA,Invymark,27.6,23.3,2.3,,,,22.4,,15.7,,,2.3,,,,,
682,2017-12-22,1000,SocioMétrica,24.1,22.5,3.5,1.1,0.5,,23.9,1.7,16.2,0.7,1.4,1.9,,,,,
683,2017-12-26,1000,NC Report,30.0,23.8,3.0,1.1,0.3,,18.8,,16.1,0.8,,1.3,,,,,
684,2018-01-02,1100,Celeste-Tel,29.8,25.1,2.5,1.2,0.3,0.2,18.6,,16.9,0.9,1.2,1.7,,,,,
685,2018-01-02,1079,Simple Lógica,21.8,23.4,,,,,24.1,,17.8,,,,,,,,
686,2018-01-08,800,GAD3,24.7,24.2,2.9,1.3,0.3,,26.2,,14.7,0.7,,1.9,,,,,
687,2018-01-09,1332,Metroscopia,23.2,21.6,,,,,27.1,,15.1,,,,,,,,
688,2018-01-02,2477,CIS,26.3,23.1,3.4,1.2,0.2,,20.7,,19.0,0.8,,2.0,,,,,
689,2018-01-22,NA,Invymark,26.1,23.0,,,,,23.4,,16.2,,,,,,,,
690,2018-01-31,1002,GAD3,25.8,23.7,2.9,1.2,0.3,,25.6,,14.8,0.8,,1.8,,,,,
691,2018-02-01,1065,Simple Lógica,22.2,21.4,,,,,28.7,,17.0,,,,,,,,
692,2018-02-05,1321,Metroscopia,21.9,20.1,,,,,28.3,,16.8,,,,,,,,
693,2018-02-05,1100,Celeste-Tel,28.9,25.5,2.7,1.3,0.3,0.2,19.3,,16.5,0.9,1.2,1.6,,,,,
694,2018-02-11,NA,JM&A,23.7,22.4,3.0,1.6,0.4,,24.6,,17.0,0.8,,2.2,,,,,
695,2018-02-07,1000,MyWord,24.5,21.3,,,,,22.1,,16.6,,,,,,,,
696,2018-02-12,NA,Invymark,25.9,22.8,,,,,23.8,,16.5,,,,,,,,
697,2018-02-22,1402,IMOP,21.4,21.5,3.0,1.1,1.0,,28.5,,17.0,0.8,2.0,1.7,,,,,
698,2018-02-26,NA,Invymark,26.0,23.1,,,,,24.0,,16.5,,,,,,,,
699,2018-02-26,1000,NC Report,27.9,24.0,2.8,1.2,0.3,,22.1,,15.8,0.8,,1.5,,,,,
700,2018-03-02,1175,Metroscopia,21.5,19.4,,,,,28.9,,17.0,,,,,,,,
701,2018-03-01,1100,Celeste-Tel,26.6,24.3,2.6,1.3,0.3,0.2,23.5,,16.2,0.9,1.2,1.6,,,,,
702,2018-03-01,1076,Simple Lógica,20.0,21.0,,,,,29.6,,17.3,,,,,,,,
703,2018-03-12,1008,GAD3,23.8,22.1,2.9,1.4,0.3,,27.3,,16.7,0.6,,1.6,,,,,
704,2018-03-12,NA,Invymark,25.1,22.6,2.4,1.2,,,25.0,,16.8,,,2.4,,,,,
705,2018-03-13,1002,MyWord,24.7,20.4,,,,,23.8,,16.0,,,,,,,,
706,2018-03-23,1000,Sigma Dos,23.3,19.7,3.3,1.2,,,26.7,,18.4,,,1.3,,,,,
707,2018-03-19,1000,SocioMétrica,21.9,19.4,,,,,27.4,,16.2,,,,,,,,
708,2018-04-01,NA,JM&A,22.4,20.4,2.9,1.6,0.4,,26.4,,18.1,0.8,,2.2,,,,,
709,2018-04-04,1278,Metroscopia,20.4,19.1,,,,,28.7,,18.3,,,,,,,,
710,2018-04-02,1100,Celeste-Tel,24.9,24.1,2.9,1.2,0.3,,24.0,,16.6,0.9,,1.5,,,,,
711,2018-04-02,1062,Simple Lógica,19.0,20.2,,,,,29.9,,17.6,,,,,,,,
712,2018-04-09,NA,Invymark,24.8,22.3,,,,,25.2,,17.1,,,,,,,,
713,2018-04-09,1000,NC Report,26.3,23.5,2.9,1.1,0.3,,24.3,,16.2,0.8,,1.4,,,,,
714,2018-04-12,1000,GESOP,21.0,20.5,3.0,,,,28.5,,18.1,,,2.0,,,,,
715,2018-04-26,1000,Celeste-Tel,26.0,24.9,3.6,1.2,0.3,,19.7,,17.7,0.8,,1.5,,,,,
716,2018-05-09,NA,El Español,23.8,20.7,2.9,1.4,0.1,,25.3,,18.5,0.7,2.0,1.6,,,,,
717,2018-05-07,1726,Metroscopia,19.5,19.0,,,,,29.1,,19.8,,,,,,,,
718,2018-05-09,NA,Público,24.4,20.9,2.9,0.8,,,24.6,,19.6,0.6,,1.9,,,,,
719,2018-05-03,1067,Simple Lógica,20.9,20.1,,,,,29.6,,17.2,,,,,,,,
720,2018-05-15,1000,NC Report,25.6,23.6,2.9,1.1,0.3,,24.4,,15.8,0.8,,1.4,,,,,
721,2018-05-17,1700,SocioMétrica,16.8,20.3,3.3,1.4,0.4,,28.5,1.9,19.3,1.0,1.5,1.5,,,,,
722,2018-05-26,1425,electoPanel,17.9,23.0,3.0,1.3,0.3,,24.0,3.1,20.1,1.1,2.0,1.7,,,,,
723,2018-05-23,1015,IMOP,19.6,20.6,2.4,1.2,,,28.6,,19.7,0.7,2.0,1.8,,,,,
724,2018-05-28,NA,Invymark,23.5,22.6,,,,,26.4,,17.3,,,,,,,,
725,2018-05-26,2043,electoPanel,18.0,22.0,2.9,1.2,0.3,0.3,24.2,2.5,20.9,1.3,2.0,1.4,,,,,
726,2018-06-06,846,electoPanel,17.1,25.2,3.0,1.3,0.3,0.3,22.5,2.1,20.5,1.2,2.1,1.3,,,,,
727,2018-06-04,1100,Celeste-Tel,24.3,25.8,3.0,1.2,0.3,0.2,21.1,,17.4,0.9,1.3,1.5,,,,,
728,2018-06-07,800,GAD3,25.6,28.8,3.2,1.0,0.3,,21.1,1.1,13.1,0.8,1.4,1.6,,,,,
729,2018-06-04,NA,Invymark,23.7,25.1,,,,,22.2,,17.3,,,,,,,,
730,2018-06-08,NA,JM&A,18.1,23.5,2.1,1.7,0.4,,25.8,2.5,19.5,0.6,,2.7,,,,,
731,2018-06-04,1030,Simple Lógica,20.6,26.7,,,,,25.7,,16.5,,,,,,,,
732,2018-06-01,1200,NC Report,25.5,24.9,3.1,1.2,0.3,,21.0,,16.7,0.8,,1.5,,,,,
733,2018-06-11,1019,DYM,24.9,27.1,,,,,20.6,,14.6,,,,,,,,
734,2018-06-11,800,GESOP,21.0,28.6,2.6,,,,22.8,,16.6,,,1.6,,,,,
735,2018-06-18,NA,Invymark,22.9,26.7,,,,,22.1,,17.9,,,,,,,,
736,2018-06-19,1000,SocioMétrica,19.5,23.9,2.9,1.3,0.5,,25.3,2.1,16.9,0.8,1.6,1.3,,,,,
737,2018-06-25,1000,NC Report,25.2,26.3,3.1,1.2,0.3,,20.6,,16.2,0.8,,1.4,,,,,
738,2018-07-02,1100,Celeste-Tel,24.2,27.1,3.1,1.1,0.3,0.2,20.6,,17.7,0.9,1.1,1.6,,,,,
739,2018-07-02,1048,Simple Lógica,18.7,27.2,,,,,26.0,,17.3,,,,,,,,
740,2018-07-01,2485,CIS,20.4,29.9,3.9,1.2,0.2,,20.4,,15.6,0.6,,1.3,,,,,
741,2018-07-10,NA,JM&A,19.7,26.4,2.4,1.5,0.4,,23.6,2.4,17.5,0.7,,2.4,,,,,
742,2018-07-09,1000,Sigma Dos,22.3,26.3,3.2,1.1,,,24.2,,16.1,,,1.2,,,,,
743,2018-07-09,NA,Invymark,23.4,26.5,,,,,21.9,,18.1,,,,,,,,
744,2018-07-17,2846,electoPanel,21.0,26.1,3.1,1.3,,,20.8,1.7,18.5,0.9,1.7,1.4,,,,,
745,2018-07-22,1080,Demoscopia Servicios,27.1,25.3,2.5,1.3,0.6,,20.8,,16.8,0.7,,1.8,,,,,
746,2018-07-16,2260,Metroscopia,24.4,26.6,,,,,20.1,,16.1,,,,,,,,
747,2018-07-24,804,GAD3,26.2,27.9,3.0,1.1,0.3,,19.6,,15.1,0.8,,1.9,,,,,
748,2018-07-23,NA,Invymark,24.4,26.0,,,,,21.1,,18.3,,,,,,,,
749,2018-07-23,1000,NC Report,26.7,27.4,3.1,1.2,0.3,,19.2,,15.8,0.8,,1.5,,,,,
750,2018-07-27,1100,electoPanel,22.9,24.7,3.3,1.3,,,21.2,1.0,18.7,0.8,1.6,1.4,,,,,
751,2018-08-01,1029,Simple Lógica,24.4,25.5,,,,,23.4,,15.3,,,,,,,,
752,2018-08-01,1100,Celeste-Tel,25.5,28.0,3.0,1.1,0.3,0.2,19.4,,17.3,0.9,1.0,1.6,,,,,
753,2018-08-10,NA,JM&A,21.4,26.4,2.7,1.4,0.3,,22.0,2.3,16.8,0.8,,2.2,,,,,
754,2018-08-22,1200,SocioMétrica,22.6,25.8,3.0,1.3,0.5,,23.1,1.8,16.5,0.7,1.5,1.5,,,,,
755,2018-08-27,1000,NC Report,27.5,27.8,3.0,1.1,0.3,,18.8,,16.0,0.8,,1.5,,,,,
756,2018-09-03,1100,Celeste-Tel,26.4,28.2,3.0,1.1,0.3,0.2,18.7,,17.1,0.8,0.8,1.7,,,,,
757,2018-09-03,1001,GAD3,25.9,27.0,2.8,1.1,,,20.6,1.5,15.9,0.7,,1.9,,,,,
758,2018-09-03,1010,Simple Lógica,21.1,24.8,,,,,23.2,,16.6,,,,,,,,
759,2018-09-07,1050,electoPanel,24.6,24.9,3.0,1.3,0.3,0.3,19.8,1.6,17.8,0.8,1.3,1.6,,,,,
760,2018-09-01,2972,CIS,20.8,30.5,4.1,0.9,0.2,,19.6,1.4,16.1,1.1,1.6,1.9,,,,,
761,2018-09-06,1012,IMOP,20.3,26.5,2.8,1.2,,,23.9,3.0,15.4,0.7,2.1,1.5,,,,,
762,2018-09-10,NA,Invymark,24.1,25.0,,,,,22.1,,18.6,,,,,,,,
763,2018-09-17,1017,DYM,23.4,26.5,,,,,22.7,,16.2,,,,,,,,
764,2018-09-17,1095,Metroscopia,22.8,27.7,,,,,20.8,,15.1,,,,,,,,
765,2018-09-24,NA,Invymark,24.6,24.6,,,,,22.3,,17.8,,,,,,,,
766,2018-10-02,1000,Simple Lógica,21.2,25.3,,,,,23.1,2.0,15.9,,2.2,,,,,,
767,2018-10-01,1100,Celeste-Tel,26.3,27.7,3.0,1.1,0.3,0.2,19.3,1.0,17.4,0.8,0.8,1.7,,,,,
768,2018-09-30,NA,electoPanel,23.6,22.4,3.1,1.2,0.3,0.3,22.2,2.5,18.7,0.8,1.3,1.5,,,,,
769,2018-10-01,1055,Simple Lógica,23.8,25.2,,,,,21.6,,17.3,,,,,,,,
770,2018-10-01,2973,CIS,18.2,31.6,4.3,1.0,0.1,,21.0,1.3,17.3,0.8,1.6,1.4,,,,,
771,2018-10-01,1000,NC Report,26.7,26.8,3.0,1.1,0.3,,19.5,1.9,16.8,0.7,,1.4,,,,,
772,2018-10-16,2278,Metroscopia,22.6,25.2,,,,,19.2,5.1,17.7,,,,,,,,
773,2018-10-25,NA,Cs,22.0,26.0,,,,,24.0,,17.0,,,,,,,,
774,2018-10-20,1037,electoPanel,23.1,22.0,3.1,1.2,0.3,0.3,21.9,3.6,18.5,0.8,1.2,1.5,,,,,
775,2018-10-22,NA,Invymark,24.2,25.7,,,,,22.0,,17.3,,,,,,,,
776,2018-10-28,NA,PP,23.9,24.4,,,,,20.0,,16.0,,,,,,,,
777,2018-10-22,911,GESOP,21.3,25.3,3.3,,,,21.8,4.3,16.1,,,1.5,,,,,
778,2018-11-02,NA,GAD3,22.3,26.6,2.9,1.3,0.1,,21.9,3.4,16.6,0.6,,1.4,,,,,
779,2018-11-05,1100,Celeste-Tel,25.8,26.9,2.8,1.0,0.3,0.2,20.4,1.5,17.3,0.7,0.9,1.6,,,,,
780,2018-11-05,NA,Invymark,24.2,25.4,,,,,22.7,,17.0,,,,,,,,
781,2018-11-05,1000,NC Report,26.3,26.5,2.9,0.9,0.3,,19.9,2.1,17.0,0.7,,1.4,,,,,
782,2018-11-01,2974,CIS,19.1,31.2,4.8,0.7,0.3,,18.2,2.5,18.0,1.0,2.1,0.8,,,,,
783,2018-11-02,1019,Simple Lógica,19.6,24.1,,,,,22.4,,18.1,,,,,,,,
784,2018-12-03,1530,electoPanel,19.1,19.3,3.1,1.3,,,21.4,10.4,17.6,0.8,1.6,1.6,,,,,
785,2018-12-03,1200,Invymark,22.9,23.2,,,,,22.9,7.3,14.8,,,,,,,,
786,2018-12-03,1100,Celeste-Tel,24.7,25.2,2.9,1.0,0.3,0.2,19.4,6.8,16.2,0.6,0.8,1.5,,,,,
787,2018-12-10,1895,Metroscopia,18.0,22.2,,,,,20.5,11.5,17.9,,,,,,,,
788,2018-12-10,1036,IMOP,19.6,25.8,3.0,1.2,,,20.6,8.0,15.5,0.9,1.6,1.6,,,,,
789,2018-12-10,1005,GAD3,20.5,24.2,2.8,1.2,,,20.7,8.7,14.2,0.7,,1.8,,,,,
790,2018-12-05,1000,NC Report,24.4,24.8,2.8,0.9,,,18.0,8.7,17.2,0.6,,1.2,,,,,
791,2018-12-03,1204,Simple Lógica,18.8,23.2,,,,,20.4,8.7,17.7,,,,,,,,
792,2018-12-10,900,SocioMétrica,21.6,22.5,3.1,1.2,0.4,,19.0,8.5,17.8,0.7,,1.5,,,,,
793,2018-12-16,1000,Sigma Dos,21.2,24.1,,,,,18.4,9.2,16.7,,,,,,,,
794,2018-12-17,NA,Invymark,21.8,23.5,,,,,22.7,7.8,15.2,,,,,,,,
795,2018-12-21,1000,Sigma Dos,19.2,22.6,3.6,1.2,,,18.8,12.9,15.8,,,1.0,,,,,
796,2018-12-22,2200,SocioMétrica,18.3,22.4,3.2,1.2,0.3,,18.5,12.5,17.1,0.9,,1.4,,,,,
797,2019-01-02,1100,Celeste-Tel,23.8,24.1,2.8,1.0,0.3,0.2,19.6,8.1,16.1,0.7,0.8,1.5,,,,,
798,2019-01-03,1042,Simple Lógica,18.2,25.1,,,,,17.9,11.5,14.0,,,,,,,,
799,2019-01-01,2989,CIS,14.9,29.9,4.7,1.3,0.2,,17.7,6.5,15.4,1.1,1.7,1.0,,,,,
800,2019-01-06,1399,electoPanel,19.1,21.3,,,,,19.9,13.0,16.3,,1.1,,,,,,
801,2019-01-09,2332,Metroscopia,19.1,23.7,,,,,17.8,12.1,17.1,,,,,,,,
802,2019-01-14,NA,Invymark,21.5,23.2,,,,,23.0,8.9,14.4,,,,,,,,
803,2019-01-14,1800,GAD3,23.0,26.5,2.8,1.2,0.2,,17.1,9.8,11.6,0.6,,1.6,,,,,
804,2019-01-21,1000,NC Report,24.0,24.2,2.8,0.9,,,18.7,9.4,16.6,0.7,,1.2,,,,,
805,2019-01-26,2890,electoPanel,20.1,23.1,,,,,19.6,12.1,14.9,,,,,,,,
806,2019-01-28,NA,Invymark,21.3,23.9,,,,,20.9,11.2,13.5,,,,,,,,
807,2019-02-04,1100,Celeste-Tel,23.1,23.7,2.8,1.2,0.3,,19.2,8.9,15.8,0.8,1.1,1.7,,,,,
808,2019-02-01,1017,Simple Lógica,17.9,25.4,,,,,17.0,11.7,13.9,,,,,,,,
809,2019-02-01,2964,CIS,20.3,27.9,2.9,1.0,0.2,,17.5,6.8,17.3,0.8,2.2,1.0,,,,,
810,2019-02-11,1995,Metroscopia,20.5,27.6,,,,,15.4,12.7,13.8,,,,,,,,
811,2019-02-12,1200,GAD3,23.6,28.2,2.8,1.2,0.3,,17.1,8.8,12.4,0.6,,1.6,,,,,
812,2019-02-13,1000,GESOP,19.9,27.4,,,,,14.5,13.0,13.6,,,,,,,,
813,2019-02-11,1000,NC Report,23.6,24.1,2.8,1.1,,,18.9,10.0,16.0,0.6,,1.3,,,,,
814,2019-02-13,1000,SocioMétrica,18.6,24.3,3.3,1.1,0.3,,18.7,11.8,15.2,0.8,1.9,1.3,2.3,,,,
815,2019-02-18,NA,Invymark,21.0,24.3,,,,,20.2,11.3,13.9,,,,,,,,
816,2019-02-13,1500,Sondaxe,19.3,28.2,3.8,1.4,,,13.5,14.2,14.2,0.8,,1.7,,,,,
817,2019-02-18,800,GAD3,23.2,28.9,3.0,1.3,0.2,,15.7,10.8,11.5,0.6,,1.5,,,,,
818,2019-02-19,1200,Sigma Dos,19.1,27.3,3.2,1.2,,,16.0,13.3,14.4,,,1.1,,,,,
819,2019-03-04,1000,GAD3,22.1,30.6,2.8,1.2,0.2,,13.2,12.1,11.8,0.6,,1.5,,,,,
820,2019-03-04,NA,Invymark,20.4,25.2,,,,,20.3,11.5,13.2,,,,,,,,
821,2019-03-05,1600,SocioMétrica,17.5,27.6,3.1,1.0,0.2,,17.8,12.1,14.1,0.9,2.0,1.5,,,,,
822,2019-03-04,1100,Celeste-Tel,22.8,25.4,2.7,1.2,0.3,,18.1,9.6,14.3,0.7,1.2,1.7,,,,,
823,2019-03-04,1092,Simple Lógica,17.1,31.2,,,,,16.7,8.6,12.4,,,,,,,,
824,2019-03-11,1000,NC Report,23.2,26.0,2.8,1.1,,,17.8,10.3,14.8,0.6,,1.2,,,,,
825,2019-02-22,7400,electoPanel,20.7,27.3,3.2,1.3,0.3,,15.4,12.5,11.3,0.8,0.9,1.3,1.7,,,,
826,2019-03-01,16194,CIS,20.1,30.6,3.9,1.4,0.4,,14.7,9.0,13.3,0.9,1.8,,0.6,1.3,,,
827,2019-03-14,1500,40dB,19.3,27.1,,,,,17.7,10.2,12.3,,,,,,,,
828,2019-03-15,1000,Sondaxe,18.9,26.9,,,,,13.8,13.9,13.4,,,,,1.7,,,
829,2019-03-01,7500,GAD3,21.9,30.9,2.6,1.2,0.3,,13.1,11.5,11.3,0.7,,,0.5,1.5,,,
830,2019-03-18,1000,NC Report,22.4,26.9,2.9,1.3,,,17.1,10.7,12.0,0.7,,,1.5,1.2,,,
831,2019-03-17,1399,IMOP,19.5,30.5,3.5,1.3,,,14.4,11.0,12.4,1.0,2.1,,,1.3,,,
832,2019-03-18,2722,Metroscopia,19.0,28.7,,,,,16.3,11.7,14.0,,,,,,,,
833,2019-03-20,1400,IMOP,20.0,31.0,3.3,1.2,,,14.9,10.1,11.9,1.1,2.0,,0.7,1.3,,,
834,2019-03-21,1100,Celeste-Tel,22.9,27.0,2.8,1.2,0.3,,16.7,9.1,12.1,0.7,1.4,,1.6,1.7,,,
835,2019-03-24,1175,Demoscopia Servicios,21.0,27.7,2.1,1.5,,,16.9,11.2,13.4,,,,1.4,1.4,,,
836,2019-03-25,NA,Invymark,20.1,25.9,,,,,17.5,12.9,13.0,,,,,,,,
837,2019-03-25,1600,SocioMétrica,18.8,29.0,3.0,1.2,0.3,,16.1,11.9,12.6,0.9,1.2,,0.5,1.3,,,
838,2019-03-22,NA,NC Report,23.1,26.7,3.0,1.3,,,16.5,10.3,11.9,0.7,,,,1.3,,,
839,2019-03-27,1431,IMOP,20.8,30.0,3.5,1.1,,,14.8,9.6,13.9,1.0,1.5,,0.5,1.1,,,
840,2019-03-26,1100,Celeste-Tel,23.6,27.2,2.8,1.2,0.3,,15.7,8.7,12.2,0.7,1.5,,1.6,1.6,,,
841,2019-03-26,4000,GAD3,20.9,31.1,,,,,14.9,9.8,11.5,,,,,,,,
842,2019-04-01,1500,GESOP,21.0,29.8,,,,,14.5,10.6,12.0,,,,,,,,
843,2019-04-01,1054,Simple Lógica,16.7,30.5,,,,,15.5,9.8,14.4,,,,,,,,
844,2019-04-09,2000,GAD3,20.9,31.3,,,,,13.2,11.8,12.3,,,,,,,,
845,2019-04-08,2000,GAD3,21.3,30.9,,,,,13.5,11.2,12.0,,,,,,,,
846,2019-04-03,1407,IMOP,19.4,31.0,3.1,1.3,,,16.0,9.8,13.2,0.8,1.5,,0.8,1.3,,,
847,2019-04-04,1100,Celeste-Tel,23.9,27.3,2.8,1.2,0.3,,15.9,7.8,13.1,0.7,1.5,,1.5,1.6,0.5,,
848,2019-04-08,920,Demoscopia Servicios,20.8,27.9,2.3,1.5,0.2,,16.6,11.7,13.2,1.1,,,1.0,1.2,,,
849,2019-04-09,NA,GAD3,21.0,31.1,3.6,1.2,0.3,,14.4,11.2,11.4,0.7,1.4,,0.5,1.2,,,
850,2019-04-08,NA,Invymark,20.8,27.1,,,,,16.4,12.7,13.2,,,,,,,,
851,2019-04-05,1800,SocioMétrica,19.1,29.9,3.2,1.3,0.3,,15.4,11.2,13.0,1.0,1.2,,0.8,1.4,0.4,,
852,2019-03-30,NA,NC Report,24.1,27.5,2.9,1.3,0.3,,15.8,9.1,12.1,0.8,,,1.8,1.3,0.4,,
853,2019-04-12,NA,Demoscopia Servicios,21.3,28.9,2.3,1.5,,,14.9,12.2,12.8,1.2,,,,1.3,,,
854,2019-04-13,1200,Top Position,22.3,27.8,3.2,1.2,,,13.1,14.2,12.2,,,,,1.6,,,
855,2019-04-10,1400,IMOP,19.3,30.4,3.2,1.2,0.3,,15.3,9.6,13.5,0.8,1.9,,0.8,1.4,0.3,,
856,2019-04-11,4775,Metroscopia,19.6,29.1,,,,,14.2,11.1,14.3,,,,,,,,
857,2019-04-11,1100,Celeste-Tel,23.8,28.1,2.9,1.2,0.3,,15.8,7.7,12.9,0.8,1.4,,1.4,1.4,0.4,,
858,2019-04-15,1025,DYM,20.4,29.0,,,,,15.5,10.4,13.7,,,,,,,,
859,2019-04-03,8000,Sigma Dos,20.1,30.3,3.8,1.3,,,15.0,10.2,13.2,,,,,1.3,,,
860,2019-04-15,2000,40dB,17.8,28.8,,,,,14.1,12.5,13.2,,,,,,,,
861,2019-04-15,950,Demoscopia Servicios,21.6,28.4,2.4,1.4,0.3,,14.7,12.4,12.7,0.9,,,1.2,1.2,,,
862,2019-04-11,1000,Sondaxe,18.3,30.9,2.8,2.1,0.4,,13.8,10.5,13.6,0.8,,,,1.5,0.3,,
863,2019-04-15,NA,Invymark,20.4,28.1,3.3,1.3,,,15.2,12.7,13.0,,,,,1.3,,,
864,2019-04-15,1000,NC Report,23.8,28.1,2.9,1.3,0.3,,14.9,9.0,13.0,0.8,,,1.5,1.4,0.4,,
865,2019-04-15,1100,Celeste-Tel,23.5,28.9,2.9,1.2,0.3,,15.1,7.9,13.5,0.8,1.3,,1.3,1.5,0.4,,
866,2019-04-14,1800,SocioMétrica,18.2,29.5,3.3,1.1,0.2,,15.1,12.6,13.6,0.9,0.9,,1.1,1.3,0.3,,
867,2019-04-17,NA,Demoscopia Servicios,21.8,28.1,2.9,1.4,0.3,,14.4,12.7,12.6,0.9,,,1.1,1.3,,,
868,2019-05-01,2985,CIS,11.44,36.62,4.01,1.22,0.49,,16.3,5.35,15.33,,1.09,,0.73,1.22,0.49,,
869,2019-05-06,1058,Simple Lógica,18.6,33.7,,,,,21.7,3.2,14.8,,,,,,,,
870,2019-05-27,NA,Invymark,15.4,33.6,,,,,15.1,8.4,13.3,,,,,,,,
871,2019-06-04,1000,Demoscopia Servicios,21.1,30.4,,,,,17.6,7.9,10.8,,,,,,,,
872,2019-06-05,1100,Celeste-Tel,19.4,30.6,3.9,1.5,0.7,,14.6,8.7,13.2,1.0,,,0.4,1.9,0.5,,
873,2019-06-03,1090,Simple Lógica,15.7,32.0,,,,,19.7,8.9,13.4,,,,,,,,
874,2019-06-07,1000,NC Report,20.2,30.5,3.6,1.6,0.7,,14.9,8.0,12.7,1.1,,,0.4,1.9,0.6,,
875,2019-06-19,NA,GAD3,20.6,30.8,,,,,16.2,5.6,13.0,,,,,,,,
876,2019-06-17,NA,Invymark,15.1,35.9,,,,,14.0,8.1,12.9,,,,,,,,
877,2019-06-21,1000,Sigma Dos,19.4,32.6,4.2,1.5,,,13.1,8.0,13.2,,,,,1.7,,,
878,2019-06-22,8800,electoPanel,20.2,32.1,,,,,12.5,9.0,12.2,,,,,,,,
879,2019-07-01,1100,Celeste-Tel,19.9,31.2,3.8,1.5,0.6,,14.4,8.4,13.2,0.9,,,0.4,1.8,0.5,,
880,2019-07-02,NA,Demoscopia Servicios,21.5,31.3,,,,,16.2,7.7,11.2,,,,,,,,
881,2019-07-03,1200,Invymark,15.5,36.6,,,,,13.2,7.6,12.9,,,,,,,,
882,2019-07-01,1037,Simple Lógica,17.9,32.7,,,,,13.1,9.3,15.2,,,,,,,,
883,2019-07-01,2952,CIS (El Mundo estimate),15.7,32.6,,,,,15.3,8.1,15.0,,,,,,,,
884,2019-07-11,1251,Metroscopia,19.0,31.0,,,,,13.0,8.0,13.0,,,,,,,,
885,2019-07-15,NA,Invymark,16.1,36.7,,,,,12.9,7.3,12.5,,,,,,,,
886,2019-07-24,1200,electoPanel,20.8,29.2,,,,,12.3,9.5,13.2,,,,,,,,
887,2019-07-25,1000,SocioMétrica,18.2,29.3,,,,,16.2,8.7,14.3,,,,,,,,
888,2019-07-29,NA,Invymark,17.0,36.1,,,,,12.6,6.5,12.3,,,,,,,,
889,2019-08-01,1074,Simple Lógica,17.2,31.4,,,,,14.9,11.0,13.8,,,,,,,,
890,2019-08-01,1100,Celeste-Tel,20.2,30.9,3.7,1.5,0.6,,14.3,8.3,13.4,0.9,,,0.4,1.8,0.5,,
891,2019-08-11,NA,NC Report,21.8,29.7,3.5,1.5,0.7,,14.1,7.8,12.9,1.2,,,0.4,2.0,0.6,,
892,2019-08-20,1000,NC Report,21.9,29.5,3.6,1.5,0.6,,13.9,7.7,13.1,1.1,,,0.5,1.8,0.5,,
893,2019-08-27,1000,Sigma Dos,19.0,33.4,4.3,1.5,,,11.8,8.3,14.2,,,,,1.1,,,
894,2019-08-27,1100,SocioMétrica,18.1,31.3,4.1,1.6,0.4,,12.2,9.7,13.9,1.1,,,0.8,1.8,0.4,,
895,2019-09-02,1100,Celeste-Tel,20.1,30.5,4.3,1.6,0.6,,14.1,8.0,13.7,1.0,,,0.5,1.7,0.6,,
896,2019-09-02,1000,GAD3,19.9,32.1,3.8,1.4,,,14.0,7.9,13.3,1.0,,,,1.9,0.4,,
897,2019-09-02,NA,Invymark,20.1,34.4,,,,,11.5,6.7,12.2,,,,,,,,
898,2019-09-02,1089,Simple Lógica,18.4,30.6,,,,,13.6,12.1,13.8,,,,,,,,
899,2019-09-09,1001,DYM,18.4,29.8,,,,,13.3,10.2,14.6,,,,,,,,
900,2019-09-09,NA,Invymark,20.0,33.9,,,,,11.7,7.0,12.3,,,,,,,,
901,2019-09-12,NA,Demoscopia Servicios,20.6,31.8,,,,,14.0,7.0,12.7,,,,,,,,
902,2019-09-18,1544,40dB,23.5,30.3,,,,,13.3,8.6,14.0,,,,,,,,
903,2019-09-16,NA,GAD3,20.3,31.6,3.4,1.3,,,13.1,9.6,13.4,1.0,,,,1.7,,,
904,2019-09-16,NA,Invymark,20.2,33.4,,,,,12.1,6.8,14.3,,,,,,,,
905,2019-09-18,1837,Ipsos,19.8,28.0,3.7,1.5,,,14.2,9.8,15.2,,,,,1.7,,,
906,2019-09-18,1000,SocioMétrica,19.4,28.6,4.2,1.6,0.6,,11.9,10.0,14.5,1.2,,,0.8,1.8,0.3,,
907,2019-09-18,1000,NC Report,22.0,28.6,,,,,13.7,7.5,13.6,,,,,,,,
908,2019-09-19,1100,Celeste-Tel,22.1,29.4,4.2,1.6,0.6,,13.4,7.0,14.1,1.1,,,0.7,1.7,0.5,,
909,2019-09-23,1207,GAD3,21.4,27.2,3.9,1.6,0.4,,11.3,9.6,12.4,1.0,,,,2.0,0.5,5.2,
910,2019-09-23,1001,Sondaxe,19.1,26.1,,1.3,,,10.3,10.1,12.1,,,,,,,6.4,
911,2019-09-30,1005,GESOP,19.6,28.0,3.2,,,,10.4,10.3,12.2,,,,,1.8,,5.5,1.5
912,2019-10-01,1227,IMOP,20.1,28.3,3.3,1.6,,,10.7,10.8,12.0,1.0,,,,2.2,,4.1,1.1
913,2019-10-01,1100,Celeste-Tel,21.8,27.2,4.2,1.6,0.7,,12.2,7.5,13.9,1.0,,,,1.6,0.5,5.1,0.5
914,2019-09-30,3121,GAD3,20.9,27.2,,,,,11.0,10.6,12.4,,,,,,,4.3,
915,2019-09-30,900,Hamalgama,22.1,26.1,4.3,1.6,0.6,,11.7,8.5,13.5,1.0,,,,1.7,0.5,4.6,0.6
916,2019-09-30,NA,Invymark,20.5,29.9,,,,,11.7,7.7,11.2,,,,,,,4.6,
917,2019-10-01,1046,Simple Lógica,19.1,29.1,,,,,10.0,12.2,12.5,,,,,,,5.2,
918,2019-10-01,1000,SocioMétrica,20.7,27.2,3.5,1.3,0.4,,10.6,10.9,11.7,1.1,,,,1.8,0.3,5.5,
919,2019-09-30,1600,Sigma Dos,21.3,27.9,3.6,1.6,,,10.0,10.2,12.6,,,,,1.7,,4.3,
920,2019-10-07,1000,Hamalgama,22.5,26.4,4.2,1.5,0.6,,10.6,9.8,13.4,1.0,,,,1.6,0.5,4.1,0.7
921,2019-10-07,1100,Celeste-Tel,22.2,27.3,4.2,1.6,0.7,,11.4,8.4,13.7,1.0,,,,1.5,0.4,4.9,0.7
922,2019-10-07,3121,GAD3,22.2,28.4,,,,,8.6,11.8,11.9,,,,,,,3.9,
923,2019-10-09,1000,SocioMétrica,20.9,27.4,3.2,1.4,0.3,,9.3,10.5,12.3,1.1,,,,1.7,0.2,5.1,1.5
924,2019-10-14,1250,electoPanel,21.4,27.7,3.9,1.5,0.6,,9.5,10.9,12.4,1.0,,,,1.5,0.4,4.8,
925,2019-10-11,1000,Hamalgama,22.7,26.5,4.2,,,,10.2,10.1,13.3,,,,,,,4.0,
926,2019-10-14,1100,Celeste-Tel,22.3,27.0,4.2,1.6,0.7,,11.1,9.1,13.4,1.0,,,,1.5,0.4,4.6,0.7
927,2019-10-15,2000,Ipsos,21.7,26.7,4.0,1.4,,,9.4,11.8,12.3,,,,,1.8,,4.6,
928,2019-10-10,1600,Sigma Dos,21.0,27.0,4.2,1.7,,,9.6,11.5,12.5,,,,,1.5,,4.6,
929,2019-10-14,3233,GAD3,23.0,28.7,3.8,1.5,0.3,,8.3,11.9,11.2,0.9,,,,1.6,0.5,3.7,0.9
930,2019-10-16,1000,Hamalgama,22.7,26.4,4.0,1.5,0.6,,10.0,10.7,13.1,1.0,,,,1.5,0.5,3.2,0.8
931,2019-10-14,NA,Invymark,20.6,29.6,,,,,11.2,9.0,11.3,,,,,,,4.3,
932,2019-10-09,NA,NC Report,22.8,27.2,4.1,1.7,,,9.8,10.6,12.7,,,,,,,4.1,
933,2019-10-14,NA,SocioMétrica,21.5,26.1,3.3,1.4,0.3,,9.7,11.7,11.8,0.9,,,,1.8,0.3,5.6,1.2
934,2019-10-18,1000,Hamalgama,22.8,26.5,4.0,,,,9.8,11.1,12.9,,,,,,,4.1,
935,2019-10-11,1600,Sigma Dos,21.4,27.3,4.2,1.6,,,8.8,12.0,12.7,,,,,1.5,,4.5,
936,2019-10-21,1100,Celeste-Tel,22.2,27.7,4.0,1.6,0.7,,10.0,10.5,12.9,1.0,,,,1.6,0.4,4.4,0.8
937,2019-10-21,2730,GAD3,21.7,27.3,,,,,8.9,13.5,12.7,,,,,,,2.8,
938,2019-10-16,1000,NC Report,23.0,27.5,4.0,1.7,,,9.0,11.3,12.1,,,,,,,4.3,
939,2019-10-24,1100,SocioMétrica,21.0,25.5,3.6,1.3,0.4,,9.3,12.2,12.2,1.0,,,,1.8,0.3,5.1,1.3
940,2019-10-26,1923,SYM Consulting,22.2,27.1,3.5,,,,10.3,13.8,9.6,,,,,,,3.3,
941,2019-10-23,2002,40db,21.2,27.3,,,,,8.3,13.7,12.4,,,,,,,4.4,
942,2019-10-25,1000,Hamalgama,22.5,27.1,3.9,1.5,0.6,,9.0,12.1,12.6,1.0,,,,1.5,0.4,3.8,1.1
943,2019-10-28,2000,Ipsos,19.4,26.0,3.5,1.5,,,10.0,14.0,13.0,,,,,2.1,,4.7,
944,2019-10-21,1800,Sigma Dos,20.6,27.5,4.0,1.4,,,8.9,13.4,13.5,,,,,1.2,,3.9,
945,2019-10-25,1005,DYM,19.4,26.8,,,,,10.0,13.6,12.5,,,,,,,3.3,
946,2019-10-14,7900,GAD3,21.6,27.4,3.5,1.5,0.4,,8.0,14.9,11.2,0.8,,,,1.4,0.4,2.8,1.6
947,2019-10-28,1504,GESOP,19.5,27.7,3.6,,,,8.0,14.2,13.4,,,,,1.5,,2.6,1.5
948,2019-10-29,1000,Hamalgama,22.2,27.2,3.9,1.5,0.7,,8.8,12.8,12.7,1.0,,,,1.6,0.4,3.7,1.1
949,2019-10-28,NA,Invymark,22.0,27.9,,,,,9.9,10.5,11.8,,,,,,,3.8,
950,2019-10-14,NA,NC Report,22.7,27.3,3.9,1.6,,,8.8,12.2,12.1,1.0,,,,1.6,,3.5,
951,2019-10-24,1800,Sigma Dos,20.3,27.9,4.0,1.4,,,8.9,13.2,13.5,,,,,1.2,,4.0,
952,2019-10-30,NA,Demoscopia Servicios,22.1,27.3,,,,,9.2,12.7,12.8,,,,,,,3.8,
953,2019-10-29,1639,IMOP,19.6,28.0,,,,,10.1,13.9,11.5,,,,,,,3.3,
954,2019-10-31,1100,SocioMétrica,20.6,25.1,3.5,1.3,0.6,,8.5,14.3,12.9,0.9,,,,1.6,0.4,3.9,1.4
955,2019-10-28,1517,SW Demoscopia,20.3,28.5,4.0,,,,8.8,13.7,12.0,,,,,1.4,,4.7,
956,2019-10-31,861,GESOP,19.0,26.6,3.6,,,,8.2,15.0,12.8,,,,,1.5,,2.8,1.5
957,2019-11-07,NA,Demoscopia Servicios,20.9,26.6,4.1,1.5,0.6,,7.2,15.7,13.2,1.0,,,,1.5,0.4,2.7,1.0
958,2019-11-06,903,GESOP,19.0,26.3,2.7,,,,7.5,15.6,14.0,,,,,1.4,,2.9,1.1
959,2019-11-19,NA,GAD3,23.0,27.7,3.4,1.6,0.5,0.7,6.5,14.1,13.0,1.0,,,,2.0,0.4,1.8,1.0
960,2019-12-02,1064,Simple Lógica,20.5,27.0,,,,,6.4,13.8,16.4,,,,,,,,
961,2019-12-09,NA,Invymark,21.6,28.8,,,,,3.9,16.4,13.7,,,,,,,1.9,
962,2019-12-10,1000,NC Report,21.6,27.1,3.5,1.5,,,5.8,15.6,13.1,1.1,,,,2.3,,,
963,2019-12-20,2160,SocioMétrica,21.6,27.2,3.8,1.8,0.6,0.5,5.8,16.2,12.6,1.1,,,,2.6,0.3,2.0,0.9
964,2019-12-26,1000,Sigma Dos,20.1,27.5,3.5,1.6,,,4.8,16.0,15.4,,,,,2.0,,2.3,
965,2019-12-30,1300,SW Demoscopia,19.5,26.9,3.7,1.6,0.6,,4.9,18.6,13.3,1.1,,,,2.2,0.4,2.6,1.0
966,2020-01-02,1100,Celeste-Tel,20.3,27.0,3.2,1.4,0.5,0.5,6.1,16.4,13.9,1.1,,,,2.8,0.4,2.0,1.3
967,2020-01-07,1097,Simple Lógica,20.3,26.5,,,,,7.9,14.4,15.5,,,,,,,,
968,2020-01-07,1000,GAD3,23.2,26.3,,,,,7.3,15.0,12.4,,,,,,,,
969,2020-01-07,1000,NC Report,22.1,26.7,3.3,1.5,0.5,0.5,5.4,16.1,13.4,1.0,,,,2.6,0.5,1.8,1.1
970,2020-01-13,NA,Invymark,20.2,30.3,,,,,3.8,16.6,13.6,,,,,,,,
971,2020-01-15,1100,SocioMétrica,21.2,27.7,3.6,1.6,0.5,0.5,5.5,16.3,12.5,1.1,,,,2.2,0.4,2.1,1.0
972,2020-01-13,4237,Metroscopia,20.5,26.8,,,,,6.1,15.3,13.3,,,,,,,2.7,
973,2020-01-27,NA,Invymark,20.4,29.7,,,,,3.9,16.8,13.5,,,,,,,,
974,2020-01-27,1307,SW Demoscopia,19.4,27.0,3.8,1.6,0.6,,4.7,18.7,13.7,1.0,,,,2.3,0.4,2.2,1.1
975,2020-02-03,1100,Celeste,20.2,27.6,3.3,1.5,0.5,0.5,6.2,16.9,13.5,1.1,1.0,,0.7,2.7,0.4,1.3,1.0
976,2020-02-03,1073,Simple Lógica,17.6,28.5,,,,,7.9,16.1,14.0,,,,,,,,
977,2020-02-14,1000,NC Report,22.2,26.9,3.4,1.5,0.5,0.5,5.6,16.1,13.2,1.1,,,,2.9,0.5,1.7,0.9
978,2020-02-17,NA,Invymark,21.0,29.1,,,,,3.5,17.0,13.4,,,,,,,,
979,2020-02-24,1302,SW Demoscopia,19.7,27.8,3.6,1.6,0.6,,3.9,18.8,13.2,1.1,,,,2.3,0.4,2.4,1.0
980,2020-03-02,1029,Simple Lógica,20.9,27.7,,,,,7.7,15.1,14.9,,,,,,,,
981,2020-03-02,NA,Invymark,21.1,28.8,,,,,3.3,17.6,13.2,,,,,,,,
982,2020-03-16,1000,Demoscopia Servicios,23.4,24.5,3.0,1.6,0.5,0.5,8.3,14.5,13.6,1.2,,1.3,,2.8,0.4,1.3,1.3
983,2020-03-23,3104,SyM Consulting,19.9,26.2,3.97,,,,5.24,15.7,11.8,,,,,,,,
984,2020-03-26,1001,DYM,23.1,26.8,,,,,7.2,14.4,11.8,,,,,,,1.9,
985,2020-03-27,1102,SW Demoscopia,21.6,25.5,3.8,1.7,0.6,,5.1,16.9,12.6,1.2,,,,2.6,0.5,2.3,0.9
986,2020-03-25,NA,Sigma Dos,24.3,32.2,3.7,1.8,,,4.4,13.8,11.0,,,,,1.9,,1.5,
987,2020-04-01,1057,Simple Lógica,22.2,28.2,,,,,5.7,16.0,11.0,,,,,,,,
988,2020-03-30,3000,CIS,21.1,31.2,3.3,1.2,0.4,0.5,7.6,13.0,12.0,0.5,1.1,,,1.4,0.3,1.5,0.6
989,2020-04-01,1100,Celeste-Tel,20.5,27.9,3.7,1.5,0.5,0.5,6.9,16.3,13.7,1.2,,,,2.3,0.4,1.7,1.0
990,2020-04-13,1000,Sigma Dos,25.4,31.7,3.6,1.9,,,5.4,11.9,11.5,,,,,1.9,,1.3,
991,2020-04-14,1000,Hamalgama Métrica,22.7,26.8,3.6,1.6,,,5.3,15.0,13.4,1.2,,,,2.5,,1.6,
992,2020-04-21,1200,SocioMétrica,25.4,28.2,3.2,1.5,0.3,0.4,7.5,14.5,11.0,1.0,,,,2.4,0.3,1.2,
993,2020-04-23,1000,DYM,22.4,25.1,,,,,7.8,15.3,12.1,,,,,,,2.3,
994,2020-04-27,1000,NC Report,23.2,26.3,3.5,1.6,0.5,0.5,6.2,15.4,13.0,1.1,,,,2.7,0.4,1.7,0.9
995,2020-04-27,NA,Invymark,20.4,27.9,,,,,6.9,17.0,12.3,,,,,,,,
996,2020-04-28,1001,Sináptica,22.3,25.1,3.3,1.2,,,7.5,15.7,13.1,1.6,,,,2.6,,2.2,1.3
997,2020-05-04,1019,Simple Lógica,21.7,30.8,,,,,9.8,11.8,12.2,,,,,,,,
998,2020-05-04,1004,GAD3,27.1,28.7,,,,,5.9,11.7,10.9,,,,,,,1.4,
999,2020-05-05,1104,SW Demoscopia,20.3,28.4,3.5,1.5,0.4,,9.0,16.2,12.0,0.9,,,,2.3,0.4,1.2,0.8
1000,2020-05-07,1200,Demoscopia Servicios,23.9,25.1,3.2,1.5,0.4,0.5,6.4,15.2,13.6,1.3,,,,2.7,0.4,1.4,1.2
1001,2020-05-13,NA,Metroscopia,24.0,28.0,,,,,7.0,13.0,11.0,,,,,,,,
1002,2020-05-11,750,GESOP,22.8,27.5,3.4,1.8,,,6.5,14.0,11.3,1.2,,,,2.1,,,
1003,2020-05-12,1000,Hamalgama Métrica,25.8,26.1,3.7,1.6,,,4.0,15.3,11.6,1.2,,,,2.4,,1.5,
1004,2020-05-12,1000,NC Report,24.9,26.0,3.6,1.7,,,5.2,14.6,12.5,1.2,,,,2.6,,,
1005,2020-05-17,NA,Sigma Dos,26.4,29.7,3.6,1.9,,,6.0,11.8,11.4,,,,,1.9,,1.0,
1006,2020-05-21,1041,DYM,22.0,25.1,,,,,9.0,15.8,11.3,,,,,,,,
1007,2020-05-25,NA,Invymark,20.0,26.9,,,,,8.6,15.5,13.2,,,,,,,,
1008,2020-05-27,2226,SocioMétrica,24.4,26.9,3.6,1.6,0.6,,7.9,14.6,10.9,1.0,,,,2.3,0.4,1.4,0.7
1009,2020-06-01,1012,Simple Lógica,21.7,29.9,,,,,7.6,15.1,12.0,,,,,,,,
1010,2020-06-01,1100,Celeste-Tel,23.1,27.0,3.8,1.6,0.5,0.5,6.7,15.2,12.3,1.2,,,,2.4,0.4,1.8,0.9
1011,2020-05-18,3104,GAD3,25.4,28.3,,,,,7.6,11.2,10.5,,,,,,,1.6,
1012,2020-06-09,1000,NC Report,25.1,26.0,3.7,1.6,0.5,0.5,5.6,14.8,12.1,1.3,,,,2.4,0.4,1.9,1.0
1013,2020-06-15,1000,Sigma Dos,26.0,28.7,3.1,1.9,,,8.3,11.7,12.0,,,,,2.0,,1.2,
1014,2020-06-17,1000,Demoscopia y Servicios,24.2,25.0,3.1,1.5,0.4,0.6,6.2,15.1,13.7,1.4,,,,2.8,0.4,1.5,1.0
1015,2020-06-22,750,GESOP,23.5,28.5,3.0,,,,6.0,13.0,13.5,,,,,2.0,,,
1016,2020-06-22,NA,Invymark,21.0,27.8,,,,,8.7,14.1,12.8,,,,,,,,
1017,2020-06-24,1000,DYM,22.4,26.0,,,,,8.3,15.1,11.3,,,,,,,,
1018,2020-07-01,3032,IMOP/CIS,21.2,32.1,2.7,1.3,0.4,0.7,8.8,11.6,12.1,0.8,,,,1.5,0.4,0.9,0.6
1019,2020-07-06,2300,GAD3,27.6,29.1,,,,,5.2,11.2,10.1,,,,,,,1.8,
1020,2020-07-14,1000,NC Report,25.2,26.4,3.6,1.6,,,5.5,14.9,10.7,1.3,,,,2.4,0.4,2.1,
1021,2020-07-09,2926,CIS,19.4,32.4,2.8,1.0,0.5,0.8,8.7,12.3,12.6,1.0,,,,1.3,0.4,1.6,0.5
1022,2020-07-20,NA,Invymark,21.4,29.1,,,,,7.9,14.0,11.9,,,,,,,,
1023,2020-07-26,NA,Metroscopia,25.0,29.5,,,,,5.5,13.0,10.5,,,,,,,,
1024,2020-07-27,1100,Celeste-Tel,24.4,28.7,3.5,1.6,0.6,0.9,5.3,14.6,11.9,1.2,0.7,,,2.2,0.4,2.2,1.0
1025,2020-08-03,1046,Simple Lógica,22.9,29.2,,,,,6.3,13.5,11.4,,,,,,,,
1026,2020-08-19,1001,SW Demoscopia,20.2,28.7,3.6,1.5,,,9.5,15.9,11.4,1.3,,,,2.5,,1.2,
1027,2020-08-25,1000,NC Report,24.7,26.9,3.5,1.5,,,5.7,15.0,10.7,1.3,,,,2.5,,2.4,
1028,2020-08-28,1620,SocioMétrica,24.1,27.3,3.4,1.7,0.6,0.6,8.7,14.3,9.6,1.3,,,,2.7,0.4,2.3,0.8
1029,2020-09-06,NA,Sigma Dos,25.3,28.9,3.3,1.9,,,6.2,13.5,12.1,,,,,1.6,,0.9,
1030,2020-09-07,NA,Invymark,22.4,28.6,,,,,7.3,14.5,11.3,,,,,,,,
1031,2020-09-17,NA,Metroscopia,21.0,28.3,2.7,,,,5.7,17.5,10.2,,,,,,0.4,,
1032,2020-09-17,1000,Demoscopia y Servicios,23.5,25.7,3.1,1.5,0.4,0.6,6.5,15.3,13.2,1.4,,,,2.7,0.4,1.6,0.9
1033,2020-09-15,1000,NC Report,24.1,26.8,3.4,1.5,,,6.3,15.2,11.3,1.2,,,,2.6,0.4,2.4,
1034,2020-09-16,1008,DYM,24.0,25.8,,,,,8.8,13.7,10.8,,,,,,,,
1035,2020-09-28,960,GAD3,23.8,27.3,3.5,1.9,0.4,0.8,5.8,14.6,11.3,1.2,,,,1.9,0.4,1.5,0.8
1036,2020-10-05,NA,Invymark,22.7,28.8,,,,,7.4,15.1,11.1,,,,,,,,
1037,2020-10-10,NA,Sigma Dos,24.1,28.1,3.2,1.9,,,7.2,14.0,12.4,,,,,1.7,,0.9,
1038,2020-10-15,2103,SocioMétrica,22.8,26.6,3.2,1.8,0.4,0.7,7.1,16.3,10.5,1.3,,,,3.0,0.4,2.5,
1039,2020-10-13,1000,NC Report,23.6,27.0,3.4,1.5,,,6.3,15.6,11.4,1.2,,,,2.6,,,
1040,2020-10-22,1006,DYM,24.5,25.0,,,,,7.8,16.6,10.3,,,,,,,,
1041,2020-10-22,1000,Sigma Dos,24.0,29.3,3.0,1.9,,,6.8,14.9,11.8,,,,,2.0,,1.0,
1042,2020-10-21,1000,Hamalgama Métrica,23.1,26.9,3.6,,,,6.1,15.7,12.6,,,,,,0.4,,
1043,2020-10-26,NA,Invymark,23.2,28.5,,,,,7.3,14.7,11.0,,,,,,,,
1044,2020-10-30,1000,NC Report,23.2,26.8,3.5,1.5,0.4,0.8,7.2,15.9,11.5,1.3,,,,2.5,0.4,2.1,0.8
1045,2020-11-04,1036,Simple Lógica,20.5,29.2,,,,,5.1,15.7,11.5,,,,,,,,
1046,2020-11-03,3853,SocioMétrica/CIS,18.0,28.8,2.9,1.2,0.3,0.5,8.5,16.8,11.6,1.0,,,,1.7,0.5,2.1,0.8
1047,2020-11-18,1001,DYM,23.5,23.6,,,,,8.9,17.2,9.8,,,,,,,,
1048,2020-12-02,1000,Hamalgama Métrica,23.8,26.2,3.7,,,,5.3,15.9,13.0,,,,,,,,
1049,2020-12-07,NA,Sigma Dos,25.5,28.5,3.3,1.9,,,7.0,13.4,12.1,,,,,2.1,,0.8,
1050,2020-11-30,1065,Simple Lógica,19.9,27.9,,,,,7.7,16.2,11.6,,,,,,,,
1051,2020-11-30,2005,GAD3,25.6,28.0,3.4,1.7,0.6,1.0,7.1,13.1,9.5,1.5,,,,1.8,,1.4,0.8
1052,2020-12-14,NA,Invymark,23.0,27.4,,,,,7.7,16.1,10.2,,,,,,,,
1053,2020-12-22,1000,Sigma Dos,25.2,27.9,3.3,1.9,,,7.6,13.5,10.8,,,,,2.1,,1.0,
1054,2020-12-18,1000,NC Report,24.3,26.2,3.5,1.5,0.4,1.0,6.7,15.2,11.7,1.2,,,,2.3,0.4,2.2,1.0
1055,2020-12-28,1206,SocioMétrica,22.9,26.7,3.4,1.8,0.8,0.6,6.7,16.7,10.5,1.3,,,,2.7,0.3,2.5,
1056,2021-01-07,2915,SyM Consulting,24.6,26.7,3.7,1.6,,,6.6,14.2,9.6,1.1,,,,2.0,,,
1057,2021-03-01,3820,CIS ,17.9,31.3,3.2,1.7,0.2,0.6,9.5,15.0,9.6,1.0,,,,1.5,0.4,2.0,0.8
1058,2021-01-04,1045,Simple Lógica,21.1,26.3,,,,,8.9,15.2,10.7,,,,,,,,
1059,2021-01-12,1000,Hamalgama Métrica,24.4,26.4,3.8,,,,5.2,15.6,12.5,,,,,,0.4,,
1060,2021-01-11,1100,Celeste-Tel,23.7,27.0,3.9,1.6,0.5,0.9,6.7,14.8,11.8,1.2,,,,2.2,0.4,2.5,1.0
1061,2021-01-18,NA,Invymark,23.2,27.0,,,,,7.0,16.9,10.2,,,,,,,,
1062,2021-01-07,3862,CIS,20.5,30.7,2.9,1.6,0.5,0.5,9.3,13.0,10.7,0.9,,,,1.5,0.6,1.5,0.6
1063,2021-02-01,1054,Simple Lógica,18.8,28.8,,,,,9.2,16.9,10.3,,,,,,,,
1064,2021-02-03,3869,CIS,18.8,30.7,3.5,1.5,0.4,0.7,9.3,13.6,11.2,0.8,,,,1.3,0.4,1.7,0.9
1065,2021-02-21,1145,Sigma Dos,23.4,27.6,3.2,2.0,,,6.3,15.6,11.9,,,,,2.2,,0.9,
1066,2021-02-19,1000,Hamalgama Métrica,22.1,28.7,3.4,,,,3.1,19.1,9.9,,,,,,0.4,,
1067,2021-02-20,1002,DYM,19.6,25.4,,,,,7.5,18.1,12.5,,,,,,,,
1068,2021-02-17,1100,Celeste-Tel,22.3,28.3,3.6,1.6,0.5,0.7,4.6,18.2,10.1,1.2,,,,2.1,0.4,2.6,1.1
1069,2021-02-22,1000,GAD3,22.2,28.6,3.7,1.7,0.4,0.6,5.9,17.1,10.1,1.2,,,,2.2,0.4,1.5,1.1
1070,2021-02-24,1000,NC Report,23.7,27.4,3.3,1.5,,,4.3,18.0,10.9,1.3,,,,2.2,,,
1071,2021-03-01,1096,Sigma Dos,22.9,27.2,3.2,2.1,,,5.4,17.4,11.7,,,,,2.0,,0.9,
1072,2021-03-01,1023,Simple Lógica,17.5,27.1,,,,,7.6,18.5,11.0,,,,,,,,
1073,2021-03-15,NA,Invymark,23.9,28.4,,,,,4.4,18.6,9.8,,,,,,,,
1074,2021-03-26,1000,NC Report,24.8,26.6,3.3,1.5,,,4.0,17.4,11.5,1.3,,,,2.2,,,
1075,2021-04-05,3823,CIS/SocioMétrica,20.8,30.0,3.2,1.7,0.2,0.4,4.0,18.8,10.8,0.9,,,,1.2,0.3,2.3,0.6
1076,2021-04-14,1001,GAD3,27.0,28.7,3.2,1.9,0.4,0.6,4.5,14.5,9.2,1.1,,,,2.0,0.4,2.3,0.8
1077,2021-04-12,NA,Invymark,24.5,28.0,,,,,3.6,18.3,9.3,,,,,,,,
